,count,stem,term
0,1069,global,global
1,1062,warm,warming
2,251,climat,climate
3,101,scientist,scientists
4,67,emiss,emissions
5,64,trump,trump
6,50,scientif,scientific
7,46,greenhous,greenhouse
8,45,environment,environmental
9,44,american,americans
10,37,consensus,consensus
11,36,pari,paris
12,32,dioxid,dioxide
13,31,institut,institute
14,27,gase,gases
15,27,agreement,agreement
16,27,fuel,fuel
17,25,pollut,pollution
18,25,man-mad,man-made
19,25,skeptic,skeptic
20,24,journal,journal
21,24,hoax,hoax
22,23,fossil,fossil
23,21,co2,co2
24,20,unit,united
25,20,anthropogen,anthropogenic
26,20,predict,predict
27,19,coal,coal
28,19,univers,university
29,19,ipcc,ipcc
30,18,foundat,foundation
31,18,impact,impacts
32,18,donald,donald
33,18,link,linked
34,17,model,models
35,17,nation,nations
36,17,econom,economic
37,17,world,world's
38,17,chines,chinese
39,16,contribut,contribution
40,16,caus,causing
41,16,research,researchers
42,15,obama,obama
43,15,gore,gore
44,15,john,john
45,15,conserv,conservative
46,15,campaign,campaign
47,14,celsius,celsius
48,14,human,humans
49,14,media,media
50,14,hurrican,hurricane
51,14,human-caus,human-caused
52,13,epa,epa
53,12,curb,curb
54,12,fund,funding
55,11,attribut,attribute
56,11,methan,methane
57,11,atmospher,atmospheric
58,11,pruitt,pruitt
59,11,accord,accord
60,11,earth,earth's
61,11,drought,drought
62,11,washington,washington
63,11,project,projected
64,11,opinion,opinion
65,10,denier,deniers
66,10,solut,solutions
67,10,studi,studies
68,10,websit,website
69,10,america,america
70,10,alarm,alarmism
71,10,california,california's
72,10,"2,4","2,4"
73,10,jame,james
74,10,administr,administration's
75,10,global-warm,global-warming
76,10,contributor,contributor
77,9,hiatus,hiatus
78,9,risk,risks
79,9,agenda,agenda
80,9,china,china
81,9,scenario,scenario
82,9,challeng,challenges
83,9,el,el
84,9,acceler,accelerated
85,9,catastroph,catastrophic
86,8,environmentalist,environmentalists
87,8,pose,posed
88,8,refer,referring
89,8,credenti,credentials
90,8,congress,congress
91,8,implement,implement
92,8,blame,blamed
93,8,nasa,nasa
94,8,ocean,oceanic
95,8,alarmist,alarmists
96,8,limit,limiting
97,8,withdraw,withdraw
98,8,intergovernment,intergovernmental
99,8,precipit,precipitation
100,7,solar,solar
101,7,alleg,alleged
102,7,liber,liberals
103,7,summit,summit
104,7,mann,mann
105,7,swindl,swindle
106,7,acknowledg,acknowledge
107,7,michael,michael
108,7,denial,denial
109,7,reef,reef
110,7,glacier,glaciers
111,7,meteorolog,meteorological
112,7,arctic,arctic
113,7,tweet,tweeted
114,7,london,london
115,7,sceptic,sceptics
116,7,pacif,pacific
117,7,hansen,hansen
118,7,niño,niño
119,7,address,addressing
120,7,believ,believers
121,7,republican,republicans
122,7,document,document
123,7,documentari,documentary
124,6,exxon,exxon
125,6,tax,tax
126,6,yale,yale
127,6,doubt,doubts
128,6,potenti,potentially
129,6,repeat,repeatedly
130,6,ebel,ebell
131,6,ecosystem,ecosystems
132,6,pact,pact
133,6,titl,titled
134,6,non-competit,non-competitive
135,6,ignor,ignore
136,6,climatologist,climatologist
137,6,bush,bush
138,6,advis,adviser
139,6,storm,storms
140,6,heartland,heartland
141,6,pre-industri,pre-industrial
142,6,democrat,democrats
143,6,peer-review,peer-reviewed
144,6,fred,fred
145,6,western,western
146,6,commit,commitment
147,6,ongo,ongoing
148,6,noaa,noaa
149,6,critic,criticized
150,6,poll,polls
151,6,channel,channel
152,6,endang,endangered
153,6,promot,promoting
154,6,warn,warns
155,6,independ,independent
156,6,petit,petition
157,6,renew,renewable
158,5,regul,regulation
159,5,climate-chang,climate-change
160,5,"4,4","4,4"
161,5,chapter,chapter
162,5,san,san
163,5,sea-level,sea-level
164,5,mitig,mitigation
165,5,disagr,disagreement
166,5,bate,bates
167,5,shift,shifts
168,5,target,targets
169,5,reduct,reductions
170,5,quantifi,quantifying
171,5,professor,professor
172,5,temper,temperate
173,5,african,african
174,5,commiss,commission
175,5,compar,compares
176,5,scienc,sciences
177,5,coral,coral
178,5,corpor,corporate
179,5,war,wars
180,5,fals,false
181,5,australia,australia
182,5,flood,flooding
183,5,agricultur,agriculture
184,5,erupt,eruptions
185,5,hudson,hudson
186,5,activist,activists
187,5,stephen,stephen
188,5,singer,singer
189,5,economi,economy
190,5,mainstream,mainstream
191,5,variabl,variability
192,5,inform,inform
193,5,exagger,exaggerated
194,5,confirm,confirm
195,5,protect,protections
196,5,europ,europe
197,5,disagre,disagree
198,5,talk,talks
199,5,coalit,coalition
200,5,franci,francis
201,5,contrarian,contrarians
202,5,uk,uk
203,5,discuss,discussing
204,5,tropic,tropical
205,5,senat,senate
206,5,polar,polar
207,5,permafrost,permafrost
208,5,smith,smith
209,5,shale,shale
210,4,leak,leaked
211,4,richard,richard
212,4,treati,treaty
213,4,respond,respondents
214,4,assess,assess
215,4,measur,measurements
216,4,inconveni,inconvenient
217,4,debat,debates
218,4,argument,arguments
219,4,overwhelm,overwhelmingly
220,4,elect,election
221,4,topic,topic
222,4,state,state's
223,4,broadcast,broadcast
224,4,initi,initialized
225,4,bleach,bleaching
226,4,barack,barack
227,4,emit,emitted
228,4,atlant,atlantic
229,4,ultim,ultimately
230,4,organ,organization's
231,4,programm,programme
232,4,robert,robert
233,4,endors,endorsed
234,4,fame,fame
235,4,reinforc,reinforcing
236,4,abstract,abstracts
237,4,suv,suvs
238,4,co-author,co-author
239,4,exacerb,exacerbated
240,4,devast,devastating
241,4,anomali,anomalies
242,4,cancel,cancel
243,4,ghg,ghg
244,4,discredit,discredit
245,4,mit,mit
246,4,hype,hype
247,4,trigger,trigger
248,4,support,supports
249,4,encycl,encyclical
250,4,1990s,1990s
251,4,tackl,tackling
252,4,reject,rejecting
253,4,andrew,andrew
254,4,averi,avery
255,4,boost,boost
256,4,1.5,1.5
257,4,su,sued
258,4,steven,steven
259,4,warmer,warmer
260,4,landmark,landmark
261,4,pope,pope
262,4,pledg,pledged
263,4,harvey,harvey
264,4,likelihood,likelihood
265,4,human-gener,human-generated
266,4,acidif,acidification
267,4,geophys,geophysical
268,4,eu,eu
269,4,chariti,charity
270,4,protocol,protocol
271,4,induc,induced
272,4,vulner,vulnerable
273,4,crisi,crisis
274,4,unpreced,unprecedented
275,4,geolog,geological
276,4,kyoto,kyoto
277,4,freedom,freedom
278,4,seek,seeks
279,4,lindzen,lindzen
280,4,meteorologist,meteorologists
281,4,horror,horrors
282,4,lawson,lawson
283,4,divers,diversity
284,4,negoti,negotiators
285,4,florida,florida
286,4,adapt,adaptation
287,4,feedback,feedbacks
288,4,cathol,catholics
289,4,featur,featured
290,4,indic,indicator
291,4,today,today's
292,4,kerri,kerry
293,4,wildfir,wildfires
294,4,extrem,extremes
295,3,testifi,testify
296,3,gwpf,gwpf
297,3,controversi,controversial
298,3,valu,values
299,3,hysteria,hysteria
300,3,prompt,prompted
301,3,"3,4","3,4"
302,3,milloy,milloy
303,3,option,options
304,3,email,emails
305,3,freez,freezing
306,3,advers,adverse
307,3,ten,tens
308,3,hotter,hotter
309,3,retriev,retrieved
310,3,howard,howard
311,3,activ,activism
312,3,underestim,underestimate
313,3,account,accountable
314,3,david,david
315,3,"3,3","3,3"
316,3,stanc,stance
317,3,revers,reversing
318,3,oppon,opponents
319,3,enthusiast,enthusiastically
320,3,maria,maria
321,3,reuter,reuters
322,3,slow,slowing
323,3,bear,bears
324,3,ab,ab
325,3,credibl,credibility
326,3,franc,france
327,3,asian,asian
328,3,calcul,calculation
329,3,toni,tony
330,3,weaken,weakening
331,3,fail,failing
332,3,emerg,emerge
333,3,comput,computer
334,3,habitat,habitat
335,3,breach,breaching
336,3,ensur,ensure
337,3,manmad,manmade
338,3,island,islands
339,3,massachusett,massachusetts
340,3,founder,founder
341,3,choic,choices
342,3,secur,securing
343,3,manipul,manipulating
344,3,disast,disasters
345,3,assert,assertions
346,3,dc,dc
347,3,basin,basin
348,3,decad,decadal
349,3,danger,dangers
350,3,persist,persistent
351,3,educ,education
352,3,legislatur,legislature
353,3,quit,quit
354,3,children,children
355,3,2c,2c
356,3,monckton,monckton
357,3,cnn,cnn
358,3,unstopp,unstoppable
359,3,agw,agw
360,3,british,british
361,3,1980s,1980s
362,3,taxpay,taxpayer
363,3,draw,draws
364,3,dynam,dynamics
365,3,focus,focused
366,3,william,william
367,3,consumpt,consumption
368,3,inhof,inhofe
369,3,runaway,runaway
370,3,australian,australian
371,3,signific,significantly
372,3,volcan,volcanic
373,3,defend,defended
374,3,sow,sow
375,3,translat,translated
376,3,mine,mining
377,3,charl,charles
378,3,canadian,canadian
379,3,wisconsin,wisconsin
380,3,human-induc,human-induced
381,3,peak,peaks
382,3,aerosol,aerosols
383,3,dissent,dissenting
384,3,germani,germany
385,3,3.6,3.6
386,3,urgenc,urgency
387,3,aim,aims
388,3,myron,myron
389,3,impos,imposing
390,3,mislead,mislead
391,3,irrelev,irrelevant
392,3,21st,21st
393,3,hottest,hottest
394,3,sea,seas
395,3,claim,claiming
396,3,exxonmobil,exxonmobil
397,3,threat,threats
398,3,anglia,anglia
399,3,cite,citing
400,3,decreas,decreased
401,3,presidenti,presidential
402,3,emanuel,emanuel
403,3,report,reportedly
404,3,india,india
405,3,hydrolog,hydrological
406,3,retreat,retreat
407,3,schneider,schneider
408,3,impli,implies
409,3,declar,declares
410,3,leader,leader
411,3,georg,george
412,3,scott,scott
413,3,blogger,blogger
414,3,academi,academy
415,3,sandi,sandy
416,3,tip,tipping
417,3,fossil-fuel,fossil-fuel
418,3,appeal,appeals
419,3,convinc,convince
420,3,metric,metric
421,3,cei,cei
422,3,ap,ap
423,3,antarct,antarctic
424,3,cycl,cycles
425,3,m3,m3
426,3,ralli,rally
427,3,steal,steal
428,3,francisco,francisco
429,3,extinct,extinction
430,3,jerri,jerry
431,3,"1,500","1,500"
432,3,marin,marine
433,3,deliber,deliberate
434,3,publish,publishing
435,3,columnist,columnist
436,3,roger,roger
437,3,mccain,mccain
438,3,texa,texas
439,3,deni,denying
440,3,invest,investments
441,3,fundament,fundamental
442,3,harm,harmful
443,3,blah,blah
444,3,longtim,longtime
445,3,convert,convert
446,3,thoma,thomas
447,3,billion,billions
448,3,park,park
449,3,alii,alii
450,3,2.4,2.4
451,3,absorb,absorb
452,3,ppm,ppm
453,3,illustr,illustrate
454,3,princ,prince
455,3,oppos,oppose
456,3,boxer,boxer
457,3,analys,analyses
458,3,melt,melt
459,3,cooler,cooler
460,3,davi,davis
461,3,martin,martin
462,3,christian,christian
463,3,fire,fires
464,3,propon,proponents
465,3,forc,forcing
466,3,trap,traps
467,3,biolog,biology
468,3,comprehens,comprehensive
469,3,yr,yr
470,3,ch4,ch4
471,3,teacher,teachers
472,2,unresolv,unresolved
473,2,side,sided
474,2,detail,detailing
475,2,pbs,pbs
476,2,crackdown,crackdown
477,2,infer,inferred
478,2,presid,presidency
479,2,terrifi,terrify
480,2,demograph,demographics
481,2,alter,alter
482,2,alec,alec
483,2,stark,starkly
484,2,predomin,predominantly
485,2,bast,bast
486,2,scare,scare
487,2,accompani,accompanying
488,2,threaten,threatens
489,2,whale,whales
490,2,evolut,evolution
491,2,outrag,outraged
492,2,cast,casting
493,2,hurt,hurt
494,2,dioxide-equival,dioxide-equivalent
495,2,linkag,linkages
496,2,outweigh,outweigh
497,2,sierra,sierra
498,2,ciceron,cicerone
499,2,appropri,appropriations
500,2,townhal,townhall
501,2,neglect,neglect
502,2,potent,potent
503,2,host,hosted
504,2,safeguard,safeguarding
505,2,syndergaard,syndergaard
506,2,denni,dennis
507,2,dan,dan
508,2,refus,refusing
509,2,updat,updated
510,2,tout,touted
511,2,describ,describing
512,2,improv,improving
513,2,crusad,crusade
514,2,niña-driven,niña-driven
515,2,chronic,chronic
516,2,captur,captured
517,2,lee,lee
518,2,tom,tom
519,2,sweep,sweeping
520,2,cnbc,cnbc's
521,2,ni,ni
522,2,oklahoma,oklahoma
523,2,fraud,fraud
524,2,montreal,montreal
525,2,aggress,aggressive
526,2,arrog,arrogance
527,2,latin,latin
528,2,brigg,briggs
529,2,tonn,tonnes
530,2,perceiv,perceived
531,2,miner,mineral
532,2,lobbi,lobbying
533,2,g20,g20
534,2,odd,odds
535,2,shortag,shortage
536,2,irrevers,irreversible
537,2,intellig,intelligent
538,2,perri,perry
539,2,gdp,gdp
540,2,closest,closest
541,2,author,authored
542,2,transgend,transgender
543,2,ill,illnesses
544,2,astonish,astonishingly
545,2,labor,labor
546,2,right-w,right-wing
547,2,hopeless,hopelessly
548,2,doubl,doubling
549,2,billboard,billboard
550,2,investor,investors
551,2,oceanograph,oceanographer
552,2,halt,halting
553,2,england,england
554,2,advoc,advocate
555,2,beast,beast
556,2,ecolog,ecological
557,2,decept,deception
558,2,manag,manages
559,2,debunk,debunked
560,2,correspond,correspond
561,2,joseph,joseph
562,2,weaver,weaver
563,2,multi-model,multi-model
564,2,infest,infestation
565,2,supervisor,supervisor
566,2,monster,monster
567,2,eocen,eocene
568,2,highlight,highlighted
569,2,elimin,eliminating
570,2,avert,avert
571,2,centerpiec,centerpiece
572,2,quot,quote
573,2,telegraph,telegraph
574,2,barri,barry
575,2,agre,agrees
576,2,climateg,climategate
577,2,moistur,moisture
578,2,overestim,overestimated
579,2,surround,surrounding
580,2,signatori,signatories
581,2,poorest,poorest
582,2,3.4,3.4
583,2,brief,briefing
584,2,absorpt,absorption
585,2,photograph,photograph
586,2,willi,willie
587,2,sun,sun's
588,2,fahrenheit,fahrenheit
589,2,influenc,influences
590,2,jackson,jackson's
591,2,opec,opec
592,2,evalu,evaluating
593,2,rainfal,rainfall
594,2,dead,deadly
595,2,equal,equaled
596,2,robust,robust
597,2,invok,invoked
598,2,dataset,datasets
599,2,public,publications
600,2,johnson,johnson
601,2,postur,posturing
602,2,hawaii,hawaii
603,2,murder,murderers
604,2,2006-10-,2006-10-
605,2,relentless,relentless
606,2,outbreak,outbreaks
607,2,european,european
608,2,demonstr,demonstrations
609,2,miami,miami
610,2,delet,deleting
611,2,acc,acc
612,2,insight,insights
613,2,vicious,viciously
614,2,footprint,footprint
615,2,pointless,pointless
616,2,forg,forge
617,2,user,users
618,2,bloomberg,bloomberg
619,2,adrian,adrian
620,2,mandat,mandates
621,2,cumul,cumulative
622,2,menac,menace
623,2,unfold,unfold
624,2,slowdown,slowdown
625,2,skate,skate
626,2,magazin,magazine's
627,2,350.org,350.org
628,2,trillion,trillion
629,2,stifl,stifle
630,2,motiv,motivations
631,2,mantra,mantra
632,2,scari,scary
633,2,earthquak,earthquakes
634,2,signal,signaling
635,2,craig,craig
636,2,southern,southern
637,2,scafetta,scafetta
638,2,mountain,mountains
639,2,affect,affecting
640,2,bulletin,bulletin
641,2,reposit,reposition
642,2,"1,000","1,000"
643,2,penguin,penguin
644,2,depend,dependence
645,2,pdf,pdf
646,2,subsequ,subsequently
647,2,specul,speculation
648,2,soden,soden
649,2,vapor,vapor
650,2,"5,4","5,4"
651,2,generat,generational
652,2,combust,combustion
653,2,rent-seek,rent-seekers
654,2,pension,pension
655,2,contend,contend
656,2,affirm,affirming
657,2,christi,christy
658,2,scrap,scrap
659,2,dana,dana
660,2,cccep,cccep
661,2,ad,ads
662,2,surg,surged
663,2,warner,warner
664,2,perpetr,perpetrated
665,2,industry-fund,industry-funded
666,2,ensu,ensuing
667,2,basic,basics
668,2,decarbon,decarbonization
669,2,benefici,beneficial
670,2,organis,organisation
671,2,inact,inaction
672,2,counter,countered
673,2,sunspot,sunspots
674,2,jim,jim
675,2,durkin,durkin's
676,2,coastal,coastal
677,2,worldwid,worldwide
678,2,duesterberg,duesterberg
679,2,chris,chris
680,2,episod,episodes
681,2,oscil,oscillation
682,2,destroy,destroying
683,2,twitter,twitter
684,2,staf,staffing
685,2,recipi,recipients
686,2,synthesi,synthesis
687,2,holiday,holidays
688,2,oregon,oregon
689,2,carolina,carolina
690,2,reserv,reserves
691,2,pretend,pretending
692,2,slam,slammed
693,2,communic,communicate
694,2,antarctica,antarctica's
695,2,3.8,3.8
696,2,engag,engagements
697,2,dunn,dunn
698,2,karma,karma
699,2,strengthen,strengthening
700,2,nextgen,nextgen
701,2,keyword,keyword
702,2,abandon,abandoning
703,2,geoscienc,geosciences
704,2,coal-fir,coal-fired
705,2,non-problem,non-problem
706,2,metr,metres
707,2,obama-era,obama-era
708,2,tillerson,tillerson's
709,2,scam,scam
710,2,incorpor,incorporate
711,2,plain,plains
712,2,god,god's
713,2,bias,biases
714,2,mj,mj
715,2,steve,steve
716,2,simul,simulations
717,2,arabia,arabia
718,2,ozon,ozone
719,2,rohrabach,rohrabacher
720,2,fake,fake
721,2,jacobi,jacoby
722,2,stratospher,stratospheric
723,2,turbocharg,turbocharged
724,2,herbert,herbert
725,2,dismiss,dismissing
726,2,photo,photo
727,2,leiserowitz,leiserowitz
728,2,favour,favour
729,2,facebook,facebook
730,2,sector,sector
731,2,radic,radically
732,2,first-of-its-kind,first-of-its-kind
733,2,headless,headless
734,2,advanc,advancement
735,2,premis,premise
736,2,outspoken,outspoken
737,2,offset,offset
738,2,tropospher,tropospheric
739,2,tol,tol
740,2,violat,violates
741,2,de,de
742,2,daniel,daniel
743,2,copenhagen,copenhagen
744,2,convers,conversations
745,2,consum,consumers
746,2,nuccitelli,nuccitelli
747,2,eleph,elephant
748,2,uncertainti,uncertainty
749,2,huffington,huffington
750,2,globe,globe
751,2,discov,discover
752,2,widget,widget
753,2,intensifi,intensifying
754,2,mechan,mechan
755,2,screen,screening
756,2,optim,optimism
757,2,preindustri,preindustrial
758,2,industri,industries
759,2,e-mail,e-mails
760,2,2006-05-,2006-05-
761,2,limbaugh,limbaugh
762,2,uea,uea
763,2,pennsylvania,pennsylvania
764,2,lord,lord
765,2,transact,transactions
766,2,1.4,1.4
767,2,nigel,nigel
768,2,glaciologist,glaciologist
769,2,subsidi,subsidy
770,2,lieberman,lieberman
771,2,rebuk,rebuked
772,2,boundari,boundaries
773,2,buri,buried
774,2,prall,prall
775,2,tank,tanks
776,2,radiat,radiative
777,2,heat-trap,heat-trapping
778,2,delay,delaying
779,2,manab,manabe
780,2,memo,memo
781,2,instruct,instructs
782,2,protest,protests
783,2,2006-01-,2006-01-
784,2,policymak,policymakers
785,2,venic,venice
786,2,obamacar,obamacare
787,2,libertarian,libertarian
788,2,yaskel,yaskell
789,2,rice,rice
790,2,aid,aides
791,2,ambiti,ambitious
792,2,myer,myers
793,2,plethora,plethora
794,2,re-analysi,re-analysis
795,2,saudi,saudi
796,2,lifetim,lifetime
797,2,cato,cato
798,2,frustrat,frustrated
799,2,undermin,undermined
800,2,beisner,beisner
801,2,green,greening
802,2,foe,foe
803,2,bonn,bonn
804,2,spatial,spatial
805,2,request,requests
806,2,asset,assets
807,2,shameless,shameless
808,2,berkeley,berkeley
809,2,interview,interviewed
810,2,reli,rely
811,2,shrink,shrinking
812,2,warmest,warmest
813,2,barrier,barrier
814,2,technolog,technologies
815,2,lomborg,lomborg
816,2,invent,invented
817,2,monsoon,monsoonal
818,2,lorrain,lorraine
819,2,cost,costly
820,2,particip,participants
821,2,govern,government's
822,2,newshour,newshour
823,2,apocalypt,apocalyptics
824,2,avoid,avoiding
825,2,verifi,verifiable
826,2,mobil,mobil
827,2,realm,realm
828,2,fluctuat,fluctuated
829,2,1.7,1.7
830,2,watt,watts
831,2,dual,dual
832,2,mammoth,mammoth
833,2,noah,noah
834,2,reduc,reduces
835,2,africa,africa
836,2,rescind,rescind
837,2,ceo,ceo
838,2,damag,damaged
839,2,declin,declining
840,2,hunger,hunger
841,2,disput,disputing
842,2,heat,heating
843,2,aquat,aquatic
844,2,stave,stave
845,2,victori,victory
846,2,suggest,suggesting
847,2,consult,consultants
848,1,bert,bert
849,1,proclam,proclamations
850,1,migrat,migration
851,1,leap,leap
852,1,crude,crude
853,1,terror,terrors
854,1,unscrupul,unscrupulous
855,1,dictat,dictates
856,1,domenici,domenici
857,1,hood,hood
858,1,gs,gs
859,1,human-driven,human-driven
860,1,boot,boots
861,1,reconstruct,reconstructions
862,1,impecc,impeccable
863,1,concentr,concentrations
864,1,mete,meted
865,1,11th,11th
866,1,impract,impractically
867,1,2e,2e
868,1,uniqu,uniqueness
869,1,jj,jj
870,1,list,listing
871,1,cyclon,cyclones
872,1,briberi,bribery
873,1,zj,zj
874,1,ppv,ppv
875,1,barbara,barbara
876,1,emili,emily
877,1,amo,amo
878,1,"31,000","31,000"
879,1,overridden,overridden
880,1,4.4,4.4
881,1,theolog,theology
882,1,parker,parker
883,1,avuncular,avuncular
884,1,dice,dice
885,1,rhine,rhine
886,1,mortim,mortimer
887,1,karl,karl
888,1,bodenkund,bodenkunde
889,1,keegan,keegan
890,1,nj,nj
891,1,needless,needless
892,1,gigatonn,gigatonnes
893,1,ben,ben
894,1,quorum,quorum
895,1,2011-03-,2011-03-
896,1,ot,ot
897,1,realiti,realities
898,1,mountain-restrict,mountain-restricted
899,1,pole,poles
900,1,german,german
901,1,itali,italy
902,1,issu,issuing
903,1,hfcs,hfcs
904,1,afforest,afforestation
905,1,foot-tal,foot-tall
906,1,twenty-nin,twenty-nine
907,1,97.2,97.2
908,1,heartlandglobalwarming.org,heartlandglobalwarming.org
909,1,counter-view,counter-view
910,1,elit,elite
911,1,hint,hints
912,1,presuppos,presupposes
913,1,beeb,beeb
914,1,tie,tying
915,1,oblivion,oblivion
916,1,prin,prins
917,1,zeng,zeng
918,1,divert,diverted
919,1,coffin,coffin
920,1,inter,inter
921,1,speed,speeding
922,1,19th,19th
923,1,pregnant,pregnant
924,1,sunlight,sunlight
925,1,um,um
926,1,onlin,online
927,1,0.495,0.495
928,1,wick,wicked
929,1,drown,drown
930,1,multidisciplinari,multidisciplinary
931,1,human-produc,human-produced
932,1,dg,dg
933,1,foreword,foreword
934,1,kolb,kolb
935,1,ambio,ambio
936,1,probe,probes
937,1,scholar,scholar
938,1,"2,2","2,2"
939,1,puglies,pugliese
940,1,sewer,sewer
941,1,death-knel,death-knell
942,1,sopoaga,sopoaga
943,1,cost-effect,cost-effective
944,1,uniniti,uninitialized
945,1,dismantl,dismantling
946,1,science-research,science-research
947,1,4.6,4.6
948,1,self-rat,self-ratings
949,1,moder,moderated
950,1,argentina,argentina
951,1,systemat,systematic
952,1,man,man's
953,1,agenc,agency's
954,1,reassert,reassert
955,1,dinosaur,dinosaurs
956,1,badland,badlands
957,1,tesla,tesla
958,1,microcosm,microcosms
959,1,riberio,riberio
960,1,confus,confuse
961,1,gender,gender
962,1,esperanza,esperanza
963,1,britain,britain
964,1,chicago,chicago
965,1,human-emit,human-emitted
966,1,age-global-warming-histori,age-global-warming-history
967,1,princeton,princeton
968,1,deton,detonating
969,1,aaa,aaas
970,1,mock,mocked
971,1,evangel,evangelical
972,1,rich,riches
973,1,occupi,occupies
974,1,myriad,myriad
975,1,inaccuraci,inaccuracy
976,1,a1t,a1t
977,1,retrospect,retrospect
978,1,singh,singh
979,1,second-r,second-rate
980,1,scourg,scourge
981,1,tribal,tribal
982,1,veget,vegetation
983,1,statewid,statewide
984,1,adjust,adjust
985,1,roundtabl,roundtable
986,1,matti,mattis
987,1,large-scal,large-scale
988,1,satellite-bas,satellite-based
989,1,defianc,defiance
990,1,economist,economists
991,1,wikipedia,wikipedia
992,1,whitehous,whitehouse
993,1,nye,nye
994,1,erl,erl
995,1,crap,crap
996,1,aka,aka
997,1,20th,20th
998,1,brazil,brazil
999,1,gimbel,gimbel
1000,1,surface-bas,surface-based
1001,1,scapego,scapegoating
1002,1,doyl,doyle's
1003,1,snowbal,snowball
1004,1,impedi,impediment
1005,1,first-of-it,first-of-its
1006,1,mythic,mythical
1007,1,megadrought,megadrought
1008,1,region,regionally
1009,1,inglori,inglorious
1010,1,anti-glob,anti-global
1011,1,wipe,wipe
1012,1,feder,federally
1013,1,promiment,promiment
1014,1,excerpt,excerpt
1015,1,volcano,volcanoes
1016,1,mckibben,mckibben
1017,1,jetsam,jetsam
1018,1,hypothesi,hypothesis
1019,1,bioengin,bioengineering
1020,1,nieh,niehs
1021,1,wasserman,wasserman
1022,1,ex-employe,ex-employee
1023,1,rogelj,rogelj
1024,1,insan,insanity
1025,1,imagin,imagining
1026,1,hall,halls
1027,1,manifest,manifest
1028,1,fiji,fiji's
1029,1,ccs,ccs
1030,1,easterbrook,easterbrook
1031,1,benign,benign
1032,1,fault,faults
1033,1,notic,noticable
1034,1,abbott,abbott's
1035,1,brand,branded
1036,1,nashvill,nashville
1037,1,berlin,berlin
1038,1,subway,subway
1039,1,hawk,hawking
1040,1,entail,entails
1041,1,high-pay,high-paying
1042,1,season,seasons
1043,1,wane,waned
1044,1,mackind,mackinder
1045,1,march,marches
1046,1,humus,humus
1047,1,myanna,myanna
1048,1,backer,backers
1049,1,a-mathemat,a-mathematical
1050,1,bibliograph,bibliographic
1051,1,climate-pollut,climate-polluting
1052,1,2-3,2-3
1053,1,wei-hoc,wei-hoc
1054,1,unaffili,unaffiliated
1055,1,advocaci,advocacy
1056,1,swift,swiftly
1057,1,meissner,meissner
1058,1,game,gaming
1059,1,leroux,leroux
1060,1,advert,adverts
1061,1,vessel,vessels
1062,1,silvia,silvia
1063,1,canada,canada
1064,1,mmtco,mmtco
1065,1,zenith,zenith
1066,1,plochl,plochl
1067,1,stunt,stunt
1068,1,forese,foresees
1069,1,brull,brulle
1070,1,competit,competitiveness
1071,1,livelihood,livelihoods
1072,1,chip,chip
1073,1,assault,assaulting
1074,1,appetit,appetite
1075,1,guid,guides
1076,1,brush,brushing
1077,1,foregon,foregone
1078,1,laczko,laczko
1079,1,doomsday,doomsday
1080,1,scale,scaled
1081,1,thwart,thwart
1082,1,19:25,19:25
1083,1,ddt,ddt
1084,1,a1b,a1b
1085,1,ideolog,ideology
1086,1,refin,refine
1087,1,absurd,absurd
1088,1,alloc,allocating
1089,1,petrochem,petrochemicals
1090,1,combat,combatting
1091,1,ensembl,ensemble
1092,1,troll,troll
1093,1,sulphat,sulphate
1094,1,von,von
1095,1,calvin,calvin
1096,1,0.06,0.06
1097,1,exponenti,exponentially
1098,1,315.7,315.7
1099,1,gina,gina
1100,1,cornwal,cornwall
1101,1,approxim,approximate
1102,1,kentucki,kentucky
1103,1,hayho,hayhoe
1104,1,rewrit,rewrite
1105,1,period,periodic
1106,1,arb,arb
1107,1,1970s,1970s
1108,1,zone,zones
1109,1,minimis,minimised
1110,1,mischief,mischief
1111,1,cater,caters
1112,1,exceed,exceed
1113,1,fundrais,fundraisers
1114,1,contempt,contempt
1115,1,pielk,pielke
1116,1,reid,reid
1117,1,bibliographi,bibliography
1118,1,flag,flag
1119,1,outlaw,outlaw
1120,1,annoy,annoyed
1121,1,angela,angela
1122,1,magic,magically
1123,1,desert,deserts
1124,1,frosti,frosty
1125,1,lush,lush
1126,1,geographi,geography
1127,1,unbeliev,unbelievable
1128,1,romm,romm
1129,1,bertrand,bertrand
1130,1,ceas,cease
1131,1,californian,californians
1132,1,firm,firm's
1133,1,decri,decrying
1134,1,referenc,referencing
1135,1,chamley,chamley
1136,1,agenda-cent,agenda-centered
1137,1,one-third,one-third
1138,1,write,writings
1139,1,rosati,rosati
1140,1,colder,colder
1141,1,slightest,slightest
1142,1,lefti,lefties
1143,1,histori,history's
1144,1,bombard,bombarded
1145,1,becker,becker
1146,1,imparti,impartiality
1147,1,differenti,differential
1148,1,explos,explosion
1149,1,subtract,subtracting
1150,1,flatow,flatow
1151,1,russia,russia
1152,1,preval,prevalent
1153,1,heller,heller
1154,1,drop,dropping
1155,1,carbon-bas,carbon-based
1156,1,odious,odious
1157,1,self-interest,self-interested
1158,1,cloud,clouding
1159,1,sl,sl
1160,1,judg,judged
1161,1,vecchi,vecchi
1162,1,myth,myths
1163,1,post,postings
1164,1,tech,tech
1165,1,grassroot,grassroots
1166,1,portfolio,portfolio
1167,1,converg,converge
1168,1,epic,epic
1169,1,missouri-columbia,missouri-columbia
1170,1,rind,rind's
1171,1,peer,peer
1172,1,expos,exposes
1173,1,1.8,1.8
1174,1,fervent,fervently
1175,1,flannel,flannel
1176,1,ira,ira
1177,1,palaeoecolog,palaeoecology
1178,1,cheeri,cheery
1179,1,h1a,h1a
1180,1,optima,optima
1181,1,paperback,paperback
1182,1,5/04,5/04
1183,1,delworth,delworth
1184,1,endow,endowment
1185,1,ise,ise
1186,1,watchdog,watchdog
1187,1,clay,clay
1188,1,biotechnolog,biotechnology
1189,1,emin,eminence
1190,1,sulfur,sulfur
1191,1,regener,regenerating
1192,1,recognit,recognition
1193,1,agcm,agcm
1194,1,forecast,forecast
1195,1,alaskan,alaskan
1196,1,blast,blast
1197,1,sustain,sustained
1198,1,pine,pine
1199,1,essex,essex's
1200,1,alert,alerted
1201,1,e360,e360
1202,1,pundit,pundit
1203,1,carb,carb
1204,1,assimil,assimilation
1205,1,maunder,maunder
1206,1,dnc,dnc
1207,1,monitor,monitoring
1208,1,correct,correctly
1209,1,squelch,squelch
1210,1,efron,efron
1211,1,wil,wils
1212,1,lorius,lorius
1213,1,4d,4d
1214,1,fourteen-year,fourteen-year
1215,1,donna,donna
1216,1,reliant,reliant
1217,1,endanger,endangerment
1218,1,honorari,honorary
1219,1,upset,upset
1220,1,theory.a,theory.as
1221,1,ecologia,ecologia
1222,1,victoria,victoria
1223,1,fiorina,fiorina
1224,1,liverpool,liverpool
1225,1,tide,tide
1226,1,terrorist,terrorist
1227,1,flanneri,flannery
1228,1,holden,holden
1229,1,faq,faq
1230,1,epw,epw
1231,1,devis,devising
1232,1,stockpil,stockpiles
1233,1,berri,berry
1234,1,conduc,conducive
1235,1,diego,diego
1236,1,ar,ar
1237,1,und,und
1238,1,backdoor,backdoor
1239,1,shutterstock,shutterstock
1240,1,pay,pays
1241,1,dp,dp
1242,1,interest,interestingly
1243,1,amoc,amoc
1244,1,proport,proportionality
1245,1,shaladan,shaladan
1246,1,borick,borick
1247,1,journalist,journalists
1248,1,amber,amber
1249,1,peabodi,peabody
1250,1,clim,clim
1251,1,feroc,ferocity
1252,1,3c,3c
1253,1,9/11,9/11
1254,1,strive,striving
1255,1,ici,icy
1256,1,mcintyr,mcintyre
1257,1,compact,compacts
1258,1,extracurricular,extracurricular
1259,1,violenc,violence
1260,1,formul,formulated
1261,1,second-largest,second-largest
1262,1,coauthor,coauthored
1263,1,nava,navas
1264,1,two-third,two-thirds
1265,1,youtub,youtube
1266,1,filmmak,filmmakers
1267,1,decre,decree
1268,1,contrast,contrasts
1269,1,catch,catches
1270,1,fortun,fortunately
1271,1,prohibit,prohibit
1272,1,mediterranean-styl,mediterranean-style
1273,1,0.6,0.6
1274,1,slate,slate
1275,1,hard-won,hard-won
1276,1,coalmin,coalmine
1277,1,cm,cm
1278,1,segment,segments
1279,1,punch,punch
1280,1,rainbow,rainbow
1281,1,exhibit,exhibited
1282,1,suspend,suspend
1283,1,magnifi,magnifying
1284,1,boreal,boreal
1285,1,reftyp,reftype
1286,1,specialist,specialist
1287,1,inclus,inclusion
1288,1,experienc,experiencing
1289,1,task,tasked
1290,1,ctt,ctt
1291,1,high-impact,high-impact
1292,1,bjørn,bjørn
1293,1,downturn,downturn
1294,1,induct,inducted
1295,1,blocker,blockers
1296,1,ball,balling's
1297,1,defin,defines
1298,1,ababa,ababa
1299,1,pj,pj
1300,1,extra-high,extra-high
1301,1,edit,edited
1302,1,boycott,boycotts
1303,1,warsaw,warsaw
1304,1,pat,pat
1305,1,anticip,anticipate
1306,1,chic,chic
1307,1,guillerm,guillerm
1308,1,1.1,1.1
1309,1,gorka,gorka
1310,1,leas,leases
1311,1,zonal,zonal
1312,1,efficaci,efficacious
1313,1,excav,excavated
1314,1,hailuogou,hailuogou
1315,1,oppenheim,oppenheimer
1316,1,economy-crippl,economy-crippling
1317,1,politico,politico
1318,1,distrust,distrust
1319,1,ebook,ebook
1320,1,ridley,ridley
1321,1,boston,boston
1322,1,4.6-,4.6-
1323,1,inadequaci,inadequacies
1324,1,hack,hacked
1325,1,behnassi,behnassi
1326,1,post-truth,post-truth
1327,1,half-dozen,half-dozen
1328,1,chicken,chickens
1329,1,postcard-perfect,postcard-perfect
1330,1,peiser,peiser
1331,1,fa,fa
1332,1,slaughter,slaughtered
1333,1,persuas,persuasive
1334,1,sit,sits
1335,1,awaken,awakening
1336,1,prepared,preparedness
1337,1,lobbyist,lobbyists
1338,1,rg,rg
1339,1,propos,proposes
1340,1,gore-built,gore-built
1341,1,rippl,ripple
1342,1,wilkinson,wilkinson
1343,1,nunezfarfan,nunezfarfan
1344,1,morano,morano
1345,1,dm,dm
1346,1,aforement,aforementioned
1347,1,legitim,legitimate
1348,1,sepp,sepp
1349,1,modern-day,modern-day
1350,1,boast,boasts
1351,1,chimia,chimia
1352,1,rahn,rahn
1353,1,underway,underway
1354,1,sppi,sppi
1355,1,conduct,conducting
1356,1,misinform,misinformation
1357,1,kf,kf
1358,1,obituari,obituaries
1359,1,acumen,acumen
1360,1,rene,rene
1361,1,co-host,co-hosted
1362,1,ard,ard
1363,1,ansolabeher,ansolabehere
1364,1,refriger,refrigerators
1365,1,2.5,2.5
1366,1,snowpack,snowpack
1367,1,extend,extends
1368,1,complementari,complementary
1369,1,benni,benny
1370,1,hardest,hardest
1371,1,review,reviewers
1372,1,dakota,dakota
1373,1,plausibl,plausible
1374,1,indistinguish,indistinguishable
1375,1,marcellus,marcellus
1376,1,servic,service's
1377,1,sd,sd
1378,1,chia,chia
1379,1,boudreaux,boudreaux
1380,1,macron,macron
1381,1,larsen,larsen
1382,1,climact,climactic
1383,1,tuvalu,tuvalu
1384,1,posit,positives
1385,1,haapala,haapala
1386,1,jacquet,jacquet's
1387,1,handout,handouts
1388,1,omin,ominous
1389,1,cai,cai
1390,1,rowman,rowman
1391,1,isbn,isbn
1392,1,darryl,darryl
1393,1,fraser,fraser
1394,1,lawmak,lawmakers
1395,1,linger,lingering
1396,1,longwav,longwave
1397,1,argu,arguing
1398,1,spun,spun
1399,1,weigh,weighing
1400,1,apocalyps,apocalypses
1401,1,uneth,unethically
1402,1,narrowli,narrowly
1403,1,careaga,careaga
1404,1,hockey,hockey
1405,1,midway,midway
1406,1,gwp,gwp
1407,1,near,nearing
1408,1,rank,ranked
1409,1,power,powered
1410,1,hope,hopeful
1411,1,portray,portray
1412,1,self-declar,self-declared
1413,1,over-popul,over-population
1414,1,hrs,hrs
1415,1,brutal,brutal
1416,1,prosper,prosperity
1417,1,may-jun,may-june
1418,1,remov,removing
1419,1,maximis,maximised
1420,1,acid,acid
1421,1,nb,nb
1422,1,old-field,old-field
1423,1,repudi,repudiating
1424,1,0.2,0.2
1425,1,unsupport,unsupported
1426,1,cult,cult
1427,1,overhaul,overhaul
1428,1,swansea,swansea
1429,1,observ,observational
1430,1,easter,easterly
1431,1,arrived--and,arrived--and
1432,1,repair,repaired
1433,1,undoubt,undoubted
1434,1,ann,ann
1435,1,guess,guessed
1436,1,sketch,sketched
1437,1,wrong,wrongly
1438,1,sub-popul,sub-populations
1439,1,benchmark,benchmark
1440,1,sommer,sommer
1441,1,paragon,paragon
1442,1,wuwt,wuwt
1443,1,sediment,sediments
1444,1,wei-hock,wei-hock
1445,1,annapoli,annapolis
1446,1,percept,perceptions
1447,1,wayback,wayback
1448,1,schipper,schipper
1449,1,citi,city's
1450,1,societ,societal
1451,1,four-year,four-year
1452,1,ireland,ireland
1453,1,canari,canary
1454,1,clearer,clearer
1455,1,dj,dj
1456,1,reconcil,reconciling
1457,1,jd,jd
1458,1,egregi,egregious
1459,1,doran,doran
1460,1,andrea,andreas
1461,1,cima,cimas
1462,1,rehfuess,rehfuess
1463,1,politician,politician
1464,1,mandatori,mandatory
1465,1,capitol,capitol
1466,1,minuscul,minuscule
1467,1,robot,robotic
1468,1,finish,finishing
1469,1,analyst,analyst
1470,1,25-35,25-35
1471,1,richer,richer
1472,1,iceland,iceland
1473,1,computer,computerized
1474,1,harass,harassment
1475,1,regress,regressive
1476,1,claud,claude
1477,1,8.44,8.44
1478,1,swell,swelling
1479,1,co2threshold,co2threshold
1480,1,ideal,idealized
1481,1,produc,producers
1482,1,product,productivity
1483,1,wallace-wel,wallace-wells
1484,1,explor,explorers
1485,1,curtail,curtail
1486,1,9/30,9/30
1487,1,1940s,1940s
1488,1,apparatchik,apparatchiks
1489,1,clf,clf
1490,1,anew,anew
1491,1,research-atmospher,research-atmospheres
1492,1,o'brien,o'brien
1493,1,incent,incentives
1494,1,ar5,ar5
1495,1,pathway,pathway
1496,1,greg,greg
1497,1,lahsen,lahsen
1498,1,career,careers
1499,1,ejf,ejf
1500,1,proceed,proceedings
1501,1,pirg,pirg
1502,1,elijah,elijah
1503,1,loch,loch
1504,1,condemn,condemn
1505,1,urg,urging
1506,1,storch,storch
1507,1,unfair,unfair
1508,1,fermi,fermi's
1509,1,circul,circulation
1510,1,cabinet,cabinet
1511,1,hirst,hirst
1512,1,repress,repressive
1513,1,pavley,pavley
1514,1,tole,toles
1515,1,sks,sks
1516,1,float,floating
1517,1,schwiesow,schwiesow
1518,1,r-ne,r-ne
1519,1,water-vapor,water-vapor
1520,1,temperature-vari,temperature-variations
1521,1,lasall,lasalle
1522,1,hydrometeorolog,hydrometeorology
1523,1,suppress,suppress
1524,1,warming-caus,warming-causing
1525,1,appear,appearing
1526,1,bioclim,bioclimates
1527,1,despic,despicable
1528,1,bingaman,bingaman
1529,1,worri,worryingly
1530,1,maryland,maryland
1531,1,cet,cet
1532,1,rage,raging
1533,1,peruvian,peruvian
1534,1,carolin,caroline
1535,1,pump,pump
1536,1,biologist,biologist
1537,1,2.0,2.0
1538,1,virtual,virtual
1539,1,wax,waxed
1540,1,freshen,freshened
1541,1,glacial,glacial
1542,1,putin,putin's
1543,1,employee-beneficiari,employee-beneficiaries
1544,1,unchang,unchanged
1545,1,assail,assailed
1546,1,ignit,ignited
1547,1,woodwel,woodwell
1548,1,distort,distorts
1549,1,rex,rex
1550,1,hoover,hoover
1551,1,harbing,harbinger
1552,1,identifi,identifying
1553,1,voluntarili,voluntarily
1554,1,map,maps
1555,1,broecker,broecker
1556,1,wast,wasting
1557,1,littlefield,littlefield
1558,1,deg,deg
1559,1,present-day,present-day
1560,1,carson,carson
1561,1,delawar,delaware
1562,1,panicki,panicky
1563,1,messi,messy
1564,1,goodman,goodman
1565,1,price,pricing
1566,1,definit,definitive
1567,1,embarrass,embarrassed
1568,1,shower,showers
1569,1,decis,decisively
1570,1,anderegg,anderegg
1571,1,partisanship,partisanship
1572,1,coal-pow,coal-powered
1573,1,chide,chide
1574,1,eco-effici,eco-efficiency
1575,1,sue,sue
1576,1,jet,jets
1577,1,cloudi,cloudiness
1578,1,hone,honed
1579,1,iom,iom
1580,1,everyday,everyday
1581,1,facilit,facilitates
1582,1,a1fi,a1fi
1583,1,broader,broader
1584,1,trail,trailing
1585,1,preach,preaching
1586,1,katharin,katharine
1587,1,constitut,constitutes
1588,1,mitchel,mitchell
1589,1,farc,farce
1590,1,note,noting
1591,1,population-bas,population-based
1592,1,susi,susi
1593,1,mimick,mimicking
1594,1,univ,univ
1595,1,bbc,bbc
1596,1,scratch,scratching
1597,1,deduc,deduced
1598,1,norm-bas,norm-based
1599,1,peregrin,peregrines
1600,1,corporatist,corporatists
1601,1,affili,affiliations
1602,1,polaris,polarised
1603,1,nighttim,nighttime
1604,1,seaboard,seaboard
1605,1,random,random
1606,1,conven,convened
1607,1,environmental-problem,environmental-problems
1608,1,gongga,gongga
1609,1,papal,papal
1610,1,gcc,gcc
1611,1,undernourish,undernourishment
1612,1,npr,npr
1613,1,receipt,receipt
1614,1,karen,karen
1615,1,fingerprint,fingerprints
1616,1,evidence-bas,evidence-based
1617,1,koven,koven
1618,1,immigr,immigrants
1619,1,dissembl,dissembling
1620,1,suprem,supreme
1621,1,hundred-year,hundred-year
1622,1,2.9,2.9
1623,1,shock,shocking
1624,1,kaczynski,kaczynski
1625,1,millennial-scal,millennial-scale
1626,1,hilton,hilton
1627,1,muller,muller
1628,1,dare,dared
1629,1,promoted--or,promoted--or
1630,1,polit,politically
1631,1,ontario,ontario's
1632,1,teenag,teenager
1633,1,hereinaft,hereinafter
1634,1,forefront,forefront
1635,1,sampl,samples
1636,1,announc,announce
1637,1,fixat,fixated
1638,1,departur,departure
1639,1,well-b,well-being
1640,1,nitrous-oxid,nitrous-oxide
1641,1,reprehens,reprehensible
1642,1,jinp,jinping
1643,1,react,react
1644,1,brimston,brimstone
1645,1,ismay,ismay
1646,1,murray,murray
1647,1,transit,transitions
1648,1,confess,confessed
1649,1,dailymail.com,dailymail.com
1650,1,comment,commented
1651,1,content,contention
1652,1,sand,sands
1653,1,ar4,ar4
1654,1,van,van
1655,1,drastic,drastically
1656,1,credit,credits
1657,1,cum,cummings
1658,1,obstacl,obstacle
1659,1,welfar,welfare
1660,1,3.2,3.2
1661,1,carbon-dioxid,carbon-dioxide
1662,1,irena,irena
1663,1,flop,flop
1664,1,rig,rigged
1665,1,territori,territory
1666,1,colgan,colgan
1667,1,layer,layers
1668,1,routin,routinely
1669,1,june,june's
1670,1,petroleum,petroleum
1671,1,stir,stirred
1672,1,vice-presid,vice-president
1673,1,dire,dire
1674,1,low-level,low-level
1675,1,misanthropomorph,misanthropomorphic
1676,1,wsj,wsj
1677,1,bell,belle
1678,1,regulatori,regulatory
1679,1,pen,pen
1680,1,mateo,mateo
1681,1,rabbit,rabbit
1682,1,andersen,andersen
1683,1,enshrin,enshrined
1684,1,duke,duke
1685,1,skeptics.but,skeptics.but
1686,1,pflanzenernahrung,pflanzenernahrung
1687,1,zeke,zeke
1688,1,wiggl,wiggles
1689,1,optimist,optimistic
1690,1,welsh,welsh
1691,1,gilli,gillis
1692,1,substanti,substantiated
1693,1,admir,admired
1694,1,rick,rick
1695,1,scientists-on-the-mak,scientists-on-the-make
1696,1,katrina,katrina
1697,1,hydrocarbon,hydrocarbons
1698,1,juvenil,juvenile
1699,1,jb,jb
1700,1,revell,revelle
1701,1,tobacco,tobacco
1702,1,satan,satan
1703,1,domin,dominate
1704,1,promin,prominently
1705,1,lago,lagos
1706,1,placard,placards
1707,1,chlorofluorocarbon,chlorofluorocarbons
1708,1,supercontin,supercontinent
1709,1,balloon,balloon
1710,1,carbon-clim,carbon-climate
1711,1,equilibrium,equilibrium
1712,1,iea,iea
1713,1,luc,luc
1714,1,cap,capping
1715,1,mayor,mayor
1716,1,trout,trout
1717,1,bolin,bolin
1718,1,reproduct,reproduction
1719,1,student,students
1720,1,sway,sway
1721,1,debbi,debbie
1722,1,helic,helical
1723,1,boykoff,boykoff
1724,1,dyson,dyson
1725,1,abc,abc
1726,1,south-pacif,south-pacific
1727,1,naturalist,naturalist
1728,1,appli,applies
1729,1,dockray,dockray
1730,1,counter-argu,counter-argument
1731,1,max,max
1732,1,geospati,geospatial
1733,1,dramat,dramatically
1734,1,hid,hid
1735,1,alexand,alexander
1736,1,logic,logic
1737,1,simplifi,simplifies
1738,1,irrat,irrational
1739,1,infinit,infinitely
1740,1,sacramento,sacramento
1741,1,detect,detection
1742,1,stolen,stolen
1743,1,dark,darkly
1744,1,centigrad,centigrade
1745,1,change-becaus,change-because
1746,1,columbia,columbia
1747,1,airi,airy
1748,1,incom,incomes
1749,1,loser,loser
1750,1,lectur,lecturer
1751,1,outsid,outsiders
1752,1,farnsworth,farnsworth
1753,1,kip,kip
1754,1,eye-open,eye-opening
1755,1,watanab,watanabe
1756,1,whatnot,whatnot
1757,1,orthodoxi,orthodoxy
1758,1,santoro,santoro
1759,1,quak,quake
1760,1,infam,infamously
1761,1,altern,alternatives
1762,1,traction,traction
1763,1,weaker,weaker
1764,1,spark,sparked
1765,1,thermomet,thermometer
1766,1,pipe,piping
1767,1,anti-semit,anti-semites
1768,1,"4,3","4,3"
1769,1,dioxide-induc,dioxide-induced
1770,1,goddard,goddard
1771,1,mention,mentions
1772,1,icon,icons
1773,1,lockman,lockman
1774,1,threshold,threshold
1775,1,augment,augmenting
1776,1,follow-the-money,follow-the-money
1777,1,mosquito-born,mosquito-borne
1778,1,digest,digest
1779,1,blatant,blatant
1780,1,ngss,ngss
1781,1,influx,influx
1782,1,5-20,5-20
1783,1,convent,convention
1784,1,ap-norc,ap-norc
1785,1,unquot,unquote
1786,1,insist,insisting
1787,1,mar,mars
1788,1,wrap,wrapped
1789,1,ethic,ethically
1790,1,glimps,glimpse
1791,1,montford,montford
1792,1,palaeoclimatolog,palaeoclimatology
1793,1,math,math
1794,1,day,day's
1795,1,grim,grim
1796,1,3pm,3pm
1797,1,core,cores
1798,1,unfinish,unfinished
1799,1,interst,interstate
1800,1,solver,solvers
1801,1,collaps,collapse
1802,1,1990-2004,1990-2004
1803,1,satir,satire
1804,1,recov,recover
1805,1,nagasaki,nagasaki
1806,1,nys,nys
1807,1,cred,cred
1808,1,investig,investigating
1809,1,prematur,premature
1810,1,shortwav,shortwave
1811,1,b1,b1
1812,1,ballot,ballot
1813,1,english,english
1814,1,southwest,southwest
1815,1,unsuccess,unsuccessfully
1816,1,driverless,driverless
1817,1,platform,platforms
1818,1,hindcast,hindcasts
1819,1,deadlin,deadline
1820,1,kuhn,kuhn
1821,1,kennedi,kennedy
1822,1,takeshi,takeshi
1823,1,fleec,fleecing
1824,1,culpabl,culpability
1825,1,dvd,dvd
1826,1,25mb,25mb
1827,1,boom,boom
1828,1,biometeorolog,biometeorology
1829,1,intens,intensively
1830,1,mykiss,mykiss
1831,1,nematolog,nematology
1832,1,sentinel,sentinel
1833,1,mcdonald,mcdonald
1834,1,sa,sa
1835,1,coffee-grow,coffee-growing
1836,1,nordhaus,nordhaus
1837,1,griffith,griffith
1838,1,museum,museum
1839,1,legal,legally
1840,1,gruber,gruber
1841,1,furtiv,furtively
1842,1,suspicion,suspicions
1843,1,acclimat,acclimatization
1844,1,creed,creed
1845,1,default,default
1846,1,downpour,downpour
1847,1,sb,sb
1848,1,eclips,eclipse
1849,1,relianc,reliance
1850,1,milit,militant
1851,1,construct,constructive
1852,1,dial,dialed
1853,1,supplementari,supplementary
1854,1,peninsula,peninsula
1855,1,geoengin,geoengineering
1856,1,schoolchildren,schoolchildren
1857,1,conflict,conflicts
1858,1,zealotri,zealotry
1859,1,burnt,burnt
1860,1,virginia,virginia
1861,1,hurd,hurd
1862,1,fight,fights
1863,1,overkil,overkill
1864,1,helen,helen
1865,1,pouyann,pouyanne
1866,1,egghead,eggheads
1867,1,guardian,guardian
1868,1,bogus,bogus
1869,1,b2,b2
1870,1,aftermath,aftermath
1871,1,rais,raises
1872,1,unrealist,unrealistic
1873,1,bau,bau
1874,1,court,court's
1875,1,isolationist,isolationist
1876,1,jule,jules
1877,1,moisten,moisten
1878,1,minim,minimize
1879,1,wetland,wetlands
1880,1,colin,colin
1881,1,crouch,crouch
1882,1,97.1,97.1
1883,1,nrc,nrc
1884,1,then-director,then-director
1885,1,assad,assad
1886,1,kerntechnik,kerntechnik
1887,1,enorm,enormity
1888,1,isol,isolate
1889,1,unmodel,unmodelled
1890,1,nairobi,nairobi
1891,1,24.5,24.5
1892,1,9.5,9.5
1893,1,northern,northern
1894,1,awash,awash
1895,1,umbrella,umbrella
1896,1,riddl,riddled
1897,1,cline,cline
1898,1,parametr,parametrization
1899,1,model-simul,model-simulated
1900,1,nightmar,nightmare
1901,1,co-found,co-founding
1902,1,scandal,scandal
1903,1,warmism,warmism
1904,1,bret,bret
1905,1,epidem,epidemics
1906,1,brigad,brigade
1907,1,contin,continent's
1908,1,si,si
1909,1,uncontrol,uncontrolled
1910,1,2005-12-,2005-12-
1911,1,accident,accidentally
1912,1,pollster,pollsters
1913,1,energy-sourc,energy-sources
1914,1,icecap,icecap
1915,1,invas,invasions
1916,1,brilliant,brilliantly
1917,1,curriculum,curriculum
1918,1,tidal,tidal
1919,1,wetherald,wetherald
1920,1,fundacion,fundacion
1921,1,pic.twitter.com/hsaht2sgo6,pic.twitter.com/hsaht2sgo6
1922,1,swanson,swanson
1923,1,marlo,marlo
1924,1,sin,sins
1925,1,fletcher,fletcher
1926,1,roll,rolling
1927,1,minist,minister
1928,1,steyer,steyer
1929,1,misrepres,misrepresenting
1930,1,schwarzenegg,schwarzenegger
1931,1,lier,liere
1932,1,decomposit,decomposition
1933,1,attorney,attorneys
1934,1,geotim,geotimes
1935,1,25-50,25-50
1936,1,sulfat,sulfates
1937,1,uphold,upholds
1938,1,eddi,eddy
1939,1,riski,risky
1940,1,anorex,anorexic
1941,1,fiduciari,fiduciary
1942,1,perspicac,perspicacity
1943,1,amstrup,amstrups
1944,1,malm,malm's
1945,1,399.96,399.96
1946,1,googl,google
1947,1,hiroshima,hiroshima
1948,1,correl,correlated
1949,1,super-hurrican,super-hurricanes
1950,1,stay,staying
1951,1,mizen,mizen
1952,1,statist,statistically
1953,1,women,women's
1954,1,"650,000","650,000"
1955,1,luca,lucas
1956,1,meinshausen,meinshausen
1957,1,empir,empire
1958,1,inspir,inspires
1959,1,troubl,troubling
1960,1,c40,c40
1961,1,a2,a2
1962,1,plattner,plattner
1963,1,mckitrick,mckitrick
1964,1,inflict,inflicted
1965,1,holland,holland
1966,1,mt,mt
1967,1,spirulina-platensi,spirulina-platensis
1968,1,jacobson,jacobson
1969,1,chou,chou
1970,1,hasti,hasty
1971,1,reassess,reassessing
1972,1,eleanor,eleanor
1973,1,reiter,reiterate
1974,1,mp,mp
1975,1,crocodil,crocodiles
1976,1,inaugur,inauguration
1977,1,famous,famously
1978,1,abus,abusing
1979,1,montana,montana
1980,1,brighter,brighter
1981,1,palaeogeographi,palaeogeography
1982,1,payn,payne's
1983,1,graph,graph
1984,1,preemption,preemption
1985,1,inhoff,inhoffe
1986,1,concoct,concocted
1987,1,broadway,broadway
1988,1,knutti,knutti
1989,1,progress,progressives
1990,1,6.5,6.5
1991,1,sting,sting
1992,1,quartet,quartet
1993,1,oncorhynchus,oncorhynchus
1994,1,histor,historically
1995,1,twentieth,twentieth
1996,1,sw,sw
1997,1,perspect,perspectives
1998,1,reward,rewards
1999,1,ballist,ballistic
2000,1,gas-mileag,gas-mileage
2001,1,present,presentations
2002,1,hearten,hearten
2003,1,scarc,scarce
2004,1,heighten,heightened
2005,1,archiv,archived
2006,1,4/04,4/04
2007,1,total,total's
2008,1,boffin,boffins
2009,1,bpc,bpc
2010,1,2006-2008,2006-2008
2011,1,paradox,paradox
2012,1,widen,widened
2013,1,usa,usa
2014,1,sst,sst
2015,1,lenhart,lenhart
2016,1,rhetor,rhetoric
2017,1,water-hold,water-holding
2018,1,neighbour,neighbouring
2019,1,whammi,whammy
2020,1,alroy,alroy
2021,1,nbc,nbc
2022,1,constitu,constituents
2023,1,withhold,withholding
2024,1,ramanathan,ramanathan
2025,1,fold,fold
2026,1,fertil,fertility
2027,1,gr,gr
2028,1,herald,herald
2029,1,final,finalize
2030,1,unequivoc,unequivocal
2031,1,adeli,adelie
2032,1,fix,fixing
2033,1,tribun,tribune
2034,1,reanalysi,reanalysis
2035,1,vow,vowed
2036,1,front-lin,front-line
2037,1,cj,cj
2038,1,remedi,remedies
2039,1,farm,farms
2040,1,pipelin,pipeline
2041,1,12th,12th
2042,1,mcgregor,mcgregor
2043,1,sun-earth,sun-earth
2044,1,transcript,transcript
2045,1,nebraska,nebraska
2046,1,webb,webb
2047,1,diseas,diseases
2048,1,bob,bob
2049,1,reloc,relocation
2050,1,natur,nature's
2051,1,singl,singling
2052,1,thumb,thumb
2053,1,cool,cooled
2054,1,equatori,equatorial
2055,1,wmo,wmo
2056,1,pineappl,pineapple
2057,1,donat,donations
2058,1,endeavor,endeavor
2059,1,disastr,disastrous
2060,1,kiehl,kiehl
2061,1,4.5,4.5
2062,1,tsoni,tsonis
2063,1,drainag,drainage
2064,1,wj,wj
2065,1,blush,blush
2066,1,humor,humorous
2067,1,vike,viking
2068,1,recess,recession
2069,1,rupert,rupert
2070,1,deposit,deposits
2071,1,far-flung,far-flung
2072,1,artifici,artificial
2073,1,tk,tk
2074,1,pickup,pickup
2075,1,samoan,samoan
2076,1,spill,spills
2077,1,future-rol,future-role
2078,1,social,socialized
2079,1,ridicul,ridicule
2080,1,moos,moose
2081,1,funder,funders
2082,1,ubiquit,ubiquitous
2083,1,demint,demint's
2084,1,prescript,prescription
2085,1,stall,stall
2086,1,frame,framed
2087,1,cientifica,cientifica
2088,1,breez,breeze
2089,1,sentiment,sentimental
2090,1,short-liv,short-lived
2091,1,a7,a7
2092,1,morrissey,morrissey
2093,1,smooth,smoothly
2094,1,eaarth,eaarth
2095,1,planet,planet's
2096,1,encapsul,encapsulated
2097,1,maslin,maslin
2098,1,counterract,counterract
2099,1,beg,begging
2100,1,geo-engin,geo-engineering
2101,1,abrupt,abrupt
2102,1,koch,koch
2103,1,muzzl,muzzled
2104,1,commonplac,commonplace
2105,1,bronson,bronson
2106,1,alien,alienated
2107,1,goldstein,goldstein
2108,1,waterway,waterways
2109,1,iain,iain
2110,1,chair,chaired
2111,1,jlf,jlf
2112,1,concert,concerted
2113,1,repeal,repeal
2114,1,ratchet,ratcheted
2115,1,tar,tar
2116,1,well-inform,well-informed
2117,1,contain,containers
2118,1,multi-billion,multi-billion
2119,1,pp72,pp72
2120,1,christoph,christopher
2121,1,contenti,contentious
2122,1,disprov,disproves
2123,1,paleocen,paleocene
2124,1,li,li
2125,1,politically-driven,politically-driven
2126,1,wealth,wealth
2127,1,wittenberg,wittenberg
2128,1,churchil,churchill
2129,1,625-642,625-642
2130,1,ming,ming
2131,1,uccellini,uccellini
2132,1,loyi,loyying
2133,1,dub,dubbed
2134,1,aggrav,aggravate
2135,1,format,formations
2136,1,mileston,milestone
2137,1,bighorn,bighorn
2138,1,doomi,doomy
2139,1,eyewat,eyewateringly
2140,1,week,week's
2141,1,"100,000","100,000"
2142,1,justin,justin
2143,1,pay-chequ,pay-cheque
2144,1,hamper,hampered
2145,1,"400,000","400,000"
2146,1,innocu,innocuous
2147,1,supplier,suppliers
2148,1,dunlap,dunlap
2149,1,glauser,glauser
2150,1,nuclear-pow,nuclear-power
2151,1,"1,350","1,350"
2152,1,deviat,deviation
2153,1,parson,parsons
2154,1,undersea,undersea
2155,1,perpetu,perpetuating
2156,1,biogeochem,biogeochemical
2157,1,hubbub,hubbub
2158,1,expert,expertly
2159,1,irrefut,irrefutable
2160,1,dutch,dutch
2161,1,jonathan,jonathan
2162,1,prerequisit,prerequisite
2163,1,dodgi,dodgy
2164,1,facula,faculae
2165,1,collabor,collaboration
2166,1,russian,russian
2167,1,gmst,gmst
2168,1,thomson,thomson
2169,1,sleet,sleet
2170,1,bio,bio
2171,1,baker,baker
2172,1,galileo,galileo
2173,1,forthcom,forthcoming
2174,1,andreassen,andreassen
2175,1,inconclus,inconclusive
2176,1,schultz,schultz
2177,1,obscen,obscene
2178,1,human-influenc,human-influenced
2179,1,stumbl,stumbling
2180,1,rabe,rabe
2181,1,multipli,multiplying
2182,1,alia,alia
2183,1,bourget,bourget
2184,1,mammal,mammal
2185,1,recycl,recycling
2186,1,oryctolagus-cuniculus,oryctolagus-cuniculus
2187,1,zimmerman,zimmerman's
2188,1,sean,sean
2189,1,susan,susan
2190,1,fashion,fashionable
2191,1,cp,cp
2192,1,spiral,spirals
2193,1,prevail,prevailing
2194,1,unadulter,unadulterated
2195,1,mellon,mellon
2196,1,withdrew,withdrew
2197,1,rein,rein
2198,1,sensor,sensors
2199,1,wws,wws
2200,1,xi,xi
2201,1,midst,midst
2202,1,"3,2","3,2"
2203,1,electricity-driven,electricity-driven
2204,1,agreeabl,agreeable
2205,1,holdren,holdren
2206,1,coordin,coordination
2207,1,fraudul,fraudulent
2208,1,hausfath,hausfather
2209,1,richardson,richardson
2210,1,rosenstiel,rosenstiel
2211,1,portmann,portmann
2212,1,victor,victor
2213,1,mak,mak
2214,1,coin,coined
2215,1,glacier-runoff,glacier-runoff
2216,1,hanson,hanson
2217,1,schmidt,schmidt
2218,1,0.8,0.8
2219,1,koch-found,koch-founded
2220,1,"7,147","7,147"
2221,1,5/2,5/2
2222,1,iron,ironic
2223,1,omit,omitted
2224,1,2006-03-,2006-03-
2225,1,4.0,4.0
2226,1,techcentralstation.com/tcsdaily.org,techcentralstation.com/tcsdaily.org
2227,1,taskforc,taskforce
2228,1,justifi,justifies
2229,1,divis,divisive
2230,1,solomon,solomon
2231,1,explicit,explicitly
2232,1,2.8,2.8
2233,1,judgement,judgement
2234,1,1980-2000,1980-2000
2235,1,flare,flare
2236,1,indigen,indigenous
2237,1,tosswel,tosswell
2238,1,download,download
2239,1,misus,misuse
2240,1,tab,tab
2241,1,interact,interactive
2242,1,haiti,haiti
2243,1,load,loading
2244,1,malaria,malaria
2245,1,hefti,hefty
2246,1,suppos,supposedly
2247,1,entangl,entanglements
2248,1,winter,winters
2249,1,desalin,desalination
2250,1,iran,iran
2251,1,sanford,sanford
2252,1,glorious,glorious
2253,1,imperi,imperial
2254,1,tim,tim
2255,1,exposé,exposé
2256,1,accus,accusing
2257,1,r-ca,r-ca
2258,1,pesticid,pesticide
2259,1,common,commoner
2260,1,disinform,disinformers
2261,1,tv,tv
2262,1,bullshit,bullshit
2263,1,scrambl,scrambles
2264,1,1-84107-,1-84107-
2265,1,pangaea,pangaea
2266,1,merril,merril
2267,1,prais,praise
2268,1,disbelief,disbelief
2269,1,battleground,battleground
2270,1,moor,moores
2271,1,insid,insider
2272,1,stack,stacked
2273,1,nonuniform,nonuniform
2274,1,out-of-their-depth,out-of-their-depth
2275,1,op-,op-ed
2276,1,man-caus,man-caused
2277,1,patrick,patrick
2278,1,snappier,snappier
2279,1,howarth,howarth
2280,1,unforc,unforced
2281,1,bigg,biggs
2282,1,biomass,biomass
2283,1,bishop,bishop
2284,1,recurr,recurrence
2285,1,sign,signing
2286,1,pakistan,pakistan
2287,1,emblazon,emblazoned
2288,1,local-author,local-authorities
2289,1,plant-distribut,plant-distribution
2290,1,0.17,0.17
2291,1,reckon,reckon
2292,1,terrifying-sound,terrifying-sounding
2293,1,cape,cape
2294,1,corrupt,corrupt
2295,1,elev,elevated
2296,1,gillett,gillett
2297,1,outlin,outlining
2298,1,evok,evoke
2299,1,marine-earth,marine-earth
2300,1,ravag,ravaged
2301,1,eckert,eckert
2302,1,switzerland,switzerland
2303,1,death,deaths
2304,1,famili,families
2305,1,meaningless,meaningless
2306,1,thermoclin,thermocline
2307,1,carnegi,carnegie
2308,1,apolog,apology
2309,1,madhous,madhouse
2310,1,rosenlof,rosenlof
2311,1,msu,msu
2312,1,paleoclim,paleoclimate
2313,1,cheer,cheering
2314,1,high,highs
2315,1,1880-2016,1880-2016
2316,1,freita,freitas
2317,1,prognost,prognostications
2318,1,vanatu,vanatu
2319,1,núñez,núñez
2320,1,gas-guzzl,gas-guzzling
2321,1,deserv,deserves
2322,1,snapshot,snapshot
2323,1,marambio,marambio
2324,1,free-market,free-market
2325,1,fisheri,fisheries
2326,1,avenu,avenue
2327,1,mead,meade
2328,1,extract,extraction
2329,1,blitz,blitzed
2330,1,surfacestations.org,surfacestations.org
2331,1,undo,undo
2332,1,sunnyish,sunnyish
2333,1,execut,execute
2334,1,blackmail,blackmail
2335,1,deft,deftly
2336,1,pervad,pervade
2337,1,interpret,interpretative
2338,1,un,un's
2339,1,prefer,preferences
2340,1,riebsam,riebsame
2341,1,businessweek,businessweek
2342,1,wind-up,wind-up
2343,1,melbourn,melbourne
2344,1,wilcov,wilcove
2345,1,linton,linton
2346,1,communist,communists
2347,1,bankrupt,bankrupt
2348,1,indonesian,indonesian
2349,1,1a,1a
2350,1,brussel,brussels
2351,1,mackerel,mackerel
2352,1,dryland,drylands
2353,1,comeupp,comeuppance
2354,1,2006-06-,2006-06-
2355,1,jurisdict,jurisdiction
2356,1,oresk,oreskes
2357,1,hickey,hickey
2358,1,wale,wales
2359,1,kinney,kinney
2360,1,photobioreactor,photobioreactor
2361,1,leibensperg,leibensperger's
2362,1,darwal,darwall
2363,1,ka,ka
2364,1,je,je
2365,1,unep,unep
2366,1,winder,winder
2367,1,classifi,classifying
2368,1,fallaci,fallacy
2369,1,cigarett,cigarettes
2370,1,label,labels
2371,1,cascad,cascade
2372,1,acut,acute
2373,1,billion-year,billion-year
2374,1,reason,reasoned
2375,1,stakhiv,stakhiv
2376,1,ac,ac
2377,1,baysid,bayside
2378,1,estim,estimating
2379,1,eight-fold,eight-fold
2380,1,kiribati,kiribati
2381,1,foliag,foliage
2382,1,gigo,gigo
2383,1,geologist,geologists
2384,1,stalinist,stalinists
2385,1,gcr,gcr
2386,1,phytoplankton,phytoplankton
2387,1,gear,gearing
2388,1,armageddon,armageddon
2389,1,mitt,mitt
2390,1,fuel-bas,fuel-based
2391,1,dispatch,dispatches
2392,1,circuit,circuit
2393,1,call,calling
2394,1,tubular,tubular
2395,1,engineers-municip,engineers-municipal
2396,1,heavier,heavier
2397,1,knob,knob
2398,1,thyphoon,thyphoons
2399,1,fi,fi
2400,1,geotechn,geotechnical
2401,1,hypothet,hypothetical
2402,1,panopli,panoply
2403,1,unacclimat,unacclimatized
2404,1,evidenc,evidenced
2405,1,catchier,catchier
2406,1,alli,ally
2407,1,5.4,5.4
2408,1,confront,confronting
2409,1,wallac,wallace
2410,1,riley,riley
2411,1,re-examin,re-examine
2412,1,laudato,laudato
2413,1,infrastructur,infrastructure
2414,1,flamboy,flamboyant
2415,1,uptak,uptake
2416,1,flotsam,flotsam
2417,1,spray,spraying
2418,1,downsiz,downsizing
2419,1,backdrop,backdrop
2420,1,ross,ross
2421,1,escal,escalating
2422,1,expertis,expertise
2423,1,award,awards
2424,1,romney,romney
2425,1,11-15,11-15
2426,1,assum,assuming
2427,1,lj,lj
2428,1,afp,afp
2429,1,junkscience.com,junkscience.com
2430,1,"2,000","2,000"
2431,1,rubbish,rubbish
2432,1,conjur,conjured
2433,1,bee,bees
2434,1,raft,raft
2435,1,flee,flee
2436,1,297-322,297-322
2437,1,discoveri,discovery
2438,1,irma,irma
2439,1,church,church's
2440,1,sunni,sunny
2441,1,zealand,zealand
2442,1,tilt,tilt
2443,1,photosynthet,photosynthetic
2444,1,air-pollut,air-pollution
2445,1,mistaken,mistaken
2446,1,gian-kasp,gian-kasper
2447,1,misunderstood,misunderstood
2448,1,nicola,nicola
2449,1,kump,kump
2450,1,perc,perc
2451,1,ez,ez
2452,1,gallup,gallup
2453,1,low,lows
2454,1,muddi,muddy
2455,1,bb,bb
2456,1,banner,banners
2457,1,crawford,crawford
2458,1,exit,exit
2459,1,2006-04-,2006-04-
2460,1,satellit,satellites
2461,1,restor,restore
2462,1,iowa,iowa
2463,1,landscap,landscapes
2464,1,proclaim,proclaims
2465,1,meter,meters
2466,1,flux,fluxes
2467,1,export,export
2468,1,stagnat,stagnation
2469,1,embark,embarked
2470,1,amplifi,amplifying
2471,1,graphic,graphics
2472,1,remind,remind
2473,1,leari,leary
2474,1,dixi,dixy
2475,1,blueprint,blueprint
2476,1,mediterranean,mediterranean
2477,1,apathet,apathetic
2478,1,heresi,heresy
2479,1,sharpest,sharpest
2480,1,loui,louis
2481,1,dickinson,dickinson
2482,1,extrapol,extrapolation
2483,1,dozen,dozens
2484,1,todd,todd
2485,1,cramer,cramer
2486,1,involv,involvement
2487,1,rotman,rotmans
2488,1,syndic,syndicated
2489,1,lukewarm,lukewarmers
2490,1,misplac,misplaced
2491,1,non-charit,non-charitable
2492,1,washington-bas,washington-based
2493,1,creat,creates
2494,1,japan,japan
2495,1,biogeographi,biogeography
2496,1,match,matches
2497,1,tricki,tricky
2498,1,hardaway,hardaway
2499,1,dietician,dietician
2500,1,breakdown,breakdown
2501,1,contact,contacted
2502,1,longer-term,longer-term
2503,1,stewardship,stewardship
2504,1,ami,amy
2505,1,ingraffea,ingraffea
2506,1,nail,nail
2507,1,davo,davos
2508,1,cowtan,cowtan
2509,1,lucrat,lucrative
2510,1,happer,happer
2511,1,stumpf,stumpf
2512,1,overshoot,overshoot
2513,1,gradual,gradual
2514,1,counteract,counteract
2515,1,nomin,nomination
2516,1,swamp,swamped
2517,1,inconsist,inconsistent
2518,1,pan-arct,pan-arctic
2519,1,adequ,adequately
2520,1,701-705,701-705
2521,1,untrustworthi,untrustworthy
2522,1,cram,cram
2523,1,10-6,10-6
2524,1,disproportion,disproportionately
2525,1,sport,sports
2526,1,yahoo,yahoos
2527,1,immin,imminent
2528,1,apia,apia
2529,1,boo,boos
2530,1,berk,berks
2531,1,gw,gw
2532,1,turner,turner
2533,1,paris-bas,paris-based
2534,1,ke,ke
2535,1,strand,stranded
2536,1,bradley,bradley
2537,1,1.25,1.25
2538,1,surf,surf
2539,1,garden,gardening
2540,1,corzin,corzine's
2541,1,compel,compelling
2542,1,overlap,overlapping
2543,1,cyanobacterium,cyanobacterium
2544,1,underwritten,underwritten
2545,1,protract,protracted
2546,1,bastardi,bastardi
2547,1,worsen,worsen
2548,1,royal,royal
2549,1,jone,jones
2550,1,counterbal,counterbalance
2551,1,evapor,evaporation
2552,1,startl,startling
2553,1,lie,lied
2554,1,wheat,wheat
2555,1,milli,milly
2556,1,fox,fox
2557,1,puberti,puberty
2558,1,72nd,72nd
2559,1,determin,determinants
2560,1,mali,mali
2561,1,chasm,chasm
2562,1,pronounc,pronouncements
2563,1,parallel,parallels
2564,1,merkel,merkel
2565,1,baxter,baxter
2566,1,nino,nino
2567,1,president-elect,president-elect
2568,1,scrutin,scrutinized
2569,1,mischaracter,mischaracterized
2570,1,plung,plunged
2571,1,unfccc,unfccc
2572,1,violent,violent
2573,1,3/04,3/04
2574,1,siefter,siefter
2575,1,emphas,emphasizing
2576,1,bow,bow
2577,1,zoolog,zoology
2578,1,undetect,undetectable
2579,1,expect,expectation
2580,1,low-li,low-lying
2581,1,left-w,left-wing
2582,1,mosier,mosier
2583,1,junk,junk
2584,1,fellowship,fellowships
2585,1,adam,adams
2586,1,ml,ml
2587,1,geoffrey,geoffrey
2588,1,eastern,eastern
2589,1,armstrong,armstrong
2590,1,enso,enso
2591,1,messag,messaging
2592,1,lewi,lewis
2593,1,contradict,contradictions
2594,1,energi,energy's
2595,1,t1g,t1g
2596,1,populartechnology.net,populartechnology.net
2597,1,poorer,poorer
2598,1,hypercan,hypercanes
2599,1,defra,defra
2600,1,laframbois,laframboise
2601,1,aghazarm,aghazarm
2602,1,alabama,alabama
2603,1,writer,writer
2604,1,worldview,worldviews
2605,1,misappli,misapplied
2606,1,babi,babies
2607,1,crime,crimes
2608,1,"10,000","10,000"
2609,1,le,le
2610,1,pro-sustain,pro-sustainability
2611,1,syrian,syrian
2612,1,rasool,rasool
2613,1,defunct,defunct
2614,1,twenty-first,twenty-first
2615,1,bureaucraci,bureaucracy
2616,1,sea-surfac,sea-surface
2617,1,soil,soils
2618,1,voyag,voyage
2619,1,6.4,6.4
2620,1,vendetta,vendetta
2621,1,bazzaz,bazzaz
2622,1,chi,chi
2623,1,winterberg,winterberg
2624,1,crossref,crossref
2625,1,reflect,reflecting
2626,1,flaw,flawed
2627,1,refuge,refugees
2628,1,iceberg,iceberg
2629,1,marcel,marcel
2630,1,squawk,squawk
2631,1,tenet,tenets
2632,1,chia-wei,chia-wei
2633,1,upcom,upcoming
2634,1,ratifi,ratified
2635,1,lan,lan
2636,1,paus,pauses
2637,1,lawsuit,lawsuit
2638,1,charlott,charlotte
2639,1,draft,drafting
2640,1,t6,t6
2641,1,touch,touchs
2642,1,97.5,97.5
2643,1,general,generalization
2644,1,fur,fur
2645,1,"2,500","2,500"
2646,1,confin,confined
2647,1,mccarthi,mccarthy
2648,1,anthoni,anthony
2649,1,chairwoman,chairwoman
2650,1,astray,astray
2651,1,politic,politicize
2652,1,subsidiari,subsidiary
2653,1,zeitschrift,zeitschrift
2654,1,nas,nas
2655,1,milwauke,milwaukee
2656,1,imageri,imagery
2657,1,doom,doomed
2658,1,intoler,intolerable
2659,1,lifestyl,lifestyle
2660,1,nox,nox
2661,1,redefin,redefining
2662,1,integr,integrity
2663,1,elector,electoral
2664,1,kellogg,kellogg
2665,1,strap,strapped
2666,1,technocrat,technocrats
2667,1,burk,burke
2668,1,ness,ness
2669,1,undertak,undertaking
2670,1,hogwash,hogwash
2671,1,subsurfac,subsurface
2672,1,kwadijk,kwadijk
2673,1,disclosur,disclosure
2674,1,disrupt,disruption
2675,1,chill,chill
2676,1,carbid,carbide
2677,1,ier,ier
2678,1,falsehood,falsehood
2679,1,coal-burn,coal-burning
2680,1,defens,defenses
2681,1,tundra,tundra
2682,1,nobel,nobel
2683,1,retain,retain
2684,1,up-and-down,up-and-down
2685,1,brook,brookings
2686,1,wake-up,wake-up
2687,1,abnorm,abnormal
2688,1,envoy,envoys
2689,1,cpp,cpp
2690,1,tommi,tommy
2691,1,ramp,ramping
2692,1,ej,ej
2693,1,conveni,conveniently
2694,1,phenolog,phenology
2695,1,deplet,depletion
2696,1,punish,punishing
2697,1,poland,poland
2698,1,addi,addis
2699,1,bp,bp
2700,1,repercuss,repercussions
2701,1,crystal-clear,crystal-clear
2702,1,edith,edith
2703,1,ray,ray
2704,1,4.7,4.7
2705,1,delanou,delanoue
2706,1,erica,erica
2707,1,serious,seriousness
2708,1,frog,frogs
2709,1,rio,rio
2710,1,less-afflu,less-affluent
2711,1,bomb,bombing
2712,1,calcium,calcium
2713,1,rodger,rodgers
2714,1,human-fuel,human-fueled
2715,1,behav,behaving
2716,1,bauer,bauer
2717,1,hothous,hothouse
2718,1,harewood,harewood
2719,1,mcglade,mcglade
2720,1,2011a,2011a
2721,1,harmless,harmless
2722,1,nitrogen,nitrogen
2723,1,unborn,unborn
2724,1,dinitrogen,dinitrogen
2725,1,bloom,bloom
2726,1,cancer,cancer
2727,1,vast,vastly
2728,1,inuit,inuit
2729,1,issuanc,issuance
2730,1,rotat,rotation
2731,1,maritim,maritime
2732,1,occlud,occluded
2733,1,undercov,undercover
