,count,stem,term
0,1056,global,global
1,1043,warm,warming
2,243,climat,climate
3,89,scientist,scientists
4,74,emiss,emissions
5,60,trump,trump
6,55,scientif,scientific
7,41,environment,environmental
8,41,greenhous,greenhouse
9,38,dioxid,dioxide
10,37,american,american
11,32,agreement,agreement
12,30,pari,paris
13,28,man-mad,man-made
14,28,consensus,consensus
15,27,fuel,fuels
16,27,co2,co2
17,26,gase,gases
18,25,hoax,hoax
19,25,skeptic,skeptics
20,24,pollut,pollution
21,23,model,models
22,22,institut,institute
23,22,fossil,fossil
24,22,nation,nations
25,21,campaign,campaign
26,21,journal,journal
27,21,univers,university
28,21,unit,united
29,20,anthropogen,anthropogenic
30,19,predict,predicting
31,18,human,humans
32,18,obama,obama
33,17,republican,republican
34,17,atmospher,atmospheric
35,17,celsius,celsius
36,17,coal,coal
37,16,link,linked
38,15,donald,donald
39,15,econom,economic
40,14,"2,4","2,4"
41,14,caus,causing
42,13,accord,accord
43,13,america,america
44,13,economi,economy
45,13,epa,epa
46,13,studi,studies
47,13,arctic,arctic
48,13,professor,professor
49,13,methan,methane
50,12,chines,chinese
51,12,alarmist,alarmists
52,12,heartland,heartland
53,12,scenario,scenario
54,12,pruitt,pruitt
55,11,project,projections
56,11,global-warm,global-warming
57,11,drought,droughts
58,11,kyoto,kyoto
59,11,ozon,ozone
60,11,michael,michael
61,11,denial,denial
62,11,reef,reef
63,11,tax,tax
64,10,contributor,contributor
65,10,polar,polar
66,10,adapt,adapt
67,10,washington,washington
68,10,extinct,extinctions
69,10,limit,limiting
70,10,nuclear,nuclear
71,10,noaa,noaa
72,10,alarm,alarm
73,10,hurrican,hurricanes
74,10,sceptic,sceptics
75,10,potenti,potentially
76,9,catastroph,catastrophic
77,9,geophys,geophysical
78,9,human-caus,human-caused
79,9,democrat,democrats
80,9,activist,activists
81,9,1.5,1.5
82,9,websit,website
83,9,hansen,hansen
84,9,impact,impacts
85,9,media,media
86,9,coral,coral
87,9,gore,gore
88,9,curb,curb
89,9,foundat,foundation
90,9,mitig,mitigating
91,9,environmentalist,environmentalists
92,8,forc,forcing
93,8,research,researchers
94,8,poll,poll
95,8,simul,simulations
96,8,variabl,variability
97,8,peer-review,peer-reviewed
98,8,warmer,warmer
99,8,conserv,conservative
100,8,solut,solutions
101,8,denier,deniers
102,8,david,david
103,8,attribut,attributed
104,8,contribut,contributing
105,8,terror,terrorism
106,7,renew,renewables
107,7,negoti,negotiate
108,7,oppos,opposing
109,7,satellit,satellite
110,7,cato,cato
111,7,california,california
112,7,ap,ap
113,7,georg,george
114,7,earth,earth's
115,7,impli,imply
116,7,commit,commitment
117,7,exxonmobil,exxonmobil
118,7,scam,scam
119,7,pope,pope
120,7,challeng,challenges
121,7,ipcc,ipcc
122,7,collaps,collapse
123,7,pacif,pacific
124,7,slowdown,slowdown
125,7,bush,bush
126,7,john,john
127,7,public,public's
128,7,argu,arguing
129,7,doubl,doubling
130,7,risk,risks
131,7,swindl,swindle
132,7,state,state's
133,7,solar,solar
134,7,hiatus,hiatus
135,7,threaten,threatens
136,6,suggest,suggesting
137,6,acceler,accelerating
138,6,promot,promoted
139,6,harm,harmful
140,6,marin,marine
141,6,franci,francis
142,6,withdraw,withdraw
143,6,fund,funding
144,6,disagre,disagree
145,6,koch,koch
146,6,pipelin,pipeline
147,6,presidenti,presidential
148,6,exagger,exaggerated
149,6,nasa,nasa
150,6,antarctica,antarctica
151,6,minist,minister
152,6,blame,blamed
153,6,coastal,coastal
154,6,worldwid,worldwide
155,6,stephen,stephens
156,6,storm,storms
157,6,charl,charles
158,6,cap,caps
159,6,flood,flooding
160,6,cnn,cnn
161,6,educ,educated
162,6,advoc,advocates
163,6,summit,summit
164,6,revers,reverse
165,6,debat,debates
166,6,elect,election
167,6,survey,surveys
168,6,hypothesi,hypothesis
169,6,concentr,concentrations
170,5,opinion,opinions
171,5,wildfir,wildfires
172,5,petit,petition
173,5,smith,smith
174,5,indic,indicating
175,5,discuss,discussing
176,5,tropic,tropical
177,5,feedback,feedbacks
178,5,document,document
179,5,berkeley,berkeley
180,5,warmest,warmest
181,5,jame,james
182,5,intergovernment,intergovernmental
183,5,believ,believer
184,5,antarct,antarctic
185,5,protocol,protocol
186,5,depot,depot
187,5,spur,spur
188,5,protect,protecting
189,5,offset,offset
190,5,decreas,decreased
191,5,world,world's
192,5,mainstream,mainstream
193,5,congress,congress
194,5,investig,investigated
195,5,tackl,tackle
196,5,agricultur,agricultural
197,5,inhof,inhofe
198,5,ignor,ignoring
199,5,australia,australia
200,5,murder,murderers
201,5,robust,robust
202,5,titl,titled
203,5,compar,compares
204,5,review,reviewed
205,5,scienc,sciences
206,5,devast,devastating
207,5,non-competit,non-competitive
208,5,china,china
209,5,morano,morano
210,5,repeat,repeatedly
211,5,debunk,debunk
212,5,manmad,manmade
213,5,billboard,billboard
214,5,credibl,credibility
215,5,target,targets
216,5,barack,barack
217,5,doubt,doubts
218,5,alleg,alleged
219,5,pose,posed
220,5,yale,yale
221,5,respond,respondents
222,5,treati,treaty
223,5,email,emails
224,5,scare,scare
225,5,launch,launch
226,5,exxon,exxon
227,5,"3,4","3,4"
228,5,alaska,alaska
229,4,predecessor,predecessor's
230,4,lawsuit,lawsuit
231,4,avoid,avoiding
232,4,trap,trapping
233,4,recept,receptive
234,4,florida,florida
235,4,fox,fox
236,4,administr,administrator
237,4,poorer,poorer
238,4,independ,independence
239,4,divers,diversity
240,4,lawson,lawson
241,4,reli,rely
242,4,aid,aides
243,4,heat-trap,heat-trapping
244,4,vaccin,vaccines
245,4,tank,tank
246,4,crisi,crisis
247,4,vulner,vulnerable
248,4,signatur,signature
249,4,oresk,oreskes
250,4,critic,criticized
251,4,tip,tipping
252,4,explicit,explicitly
253,4,europ,europe
254,4,scott,scott
255,4,planet,planet's
256,4,dismiss,dismisses
257,4,conclud,conclude
258,4,desertif,desertification
259,4,cite,cites
260,4,farm,farms
261,4,anglia,anglia
262,4,pledg,pledge
263,4,ga,ga
264,4,environ,environments
265,4,sever,severity
266,4,fred,fred
267,4,correl,correlation
268,4,sea,seas
269,4,aim,aims
270,4,legal,legally
271,4,northern,northern
272,4,pre-industri,pre-industrial
273,4,cmip,cmip
274,4,threshold,threshold
275,4,singer,singer
276,4,outlet,outlets
277,4,3.6,3.6
278,4,aerosol,aerosols
279,4,faster,faster
280,4,focus,focusing
281,4,london,london
282,4,agw,agw
283,4,circul,circulation
284,4,mandatori,mandatory
285,4,rainfal,rainfall
286,4,overestim,overestimate
287,4,elimin,eliminating
288,4,avert,avert
289,4,manipul,manipulation
290,4,refer,refers
291,4,agenda,agenda
292,4,acknowledg,acknowledge
293,4,island,islands
294,4,weaver,weaver
295,4,ecosystem,ecosystems
296,4,slow,slowing
297,4,mann,mann
298,4,weaken,weakening
299,4,ecolog,ecology
300,4,reduct,reductions
301,4,gdp,gdp
302,4,oppon,opponent
303,4,programm,programme
304,4,atlant,atlantic
305,4,proven,proven
306,4,oklahoma,oklahoma
307,4,underestim,underestimated
308,4,tom,tom
309,4,nye,nye
310,4,20th,20th
311,4,princeton,princeton
312,4,climate-chang,climate-change
313,4,option,option
314,4,onlin,online
315,4,assess,assessed
316,4,stabil,stability
317,4,alter,altering
318,4,hysteria,hysteria
319,4,presid,president's
320,3,biolog,biology
321,3,extrem,extremes
322,3,disput,disputed
323,3,heat,heating
324,3,denialist,denialist
325,3,yr,yr
326,3,permafrost,permafrost
327,3,cooler,cooler
328,3,"2,3","2,3"
329,3,crossref,crossref
330,3,mobil,mobil
331,3,peopl,people's
332,3,integr,integrity
333,3,coupl,coupled
334,3,barrier,barrier
335,3,pronounc,pronounced
336,3,senat,senate
337,3,low-li,low-lying
338,3,inhabit,inhabitants
339,3,eros,erosion
340,3,cooper,cooperation
341,3,theorist,theorist
342,3,warn,warnings
343,3,pub,pub
344,3,2.4,2.4
345,3,bradley,bradley
346,3,teach,teaching
347,3,libertarian,libertarian
348,3,endang,endangered
349,3,amplifi,amplifying
350,3,doubter,doubters
351,3,call,calling
352,3,roger,rogers
353,3,delay,delaying
354,3,radiat,radiative
355,3,outcom,outcomes
356,3,texa,texas
357,3,deni,denies
358,3,clinton,clinton
359,3,incorrect,incorrect
360,3,1.4,1.4
361,3,mid,mid
362,3,industri,industries
363,3,surpris,surprisingly
364,3,kim,kim
365,3,unabomb,unabomber
366,3,limbaugh,limbaugh
367,3,ocean-atmospher,ocean-atmosphere
368,3,talk,talks
369,3,globe,globe
370,3,discov,discovered
371,3,ted,ted
372,3,confirm,confirmation
373,3,de,de
374,3,mammal,mammal's
375,3,time,timing
376,3,declar,declare
377,3,radic,radical
378,3,fix,fixes
379,3,vow,vowed
380,3,ohio,ohio
381,3,zhang,zhang
382,3,oxid,oxide
383,3,tillerson,tillerson
384,3,el,el
385,3,ocean,oceans
386,3,claim,claiming
387,3,googl,google
388,3,statist,statistical
389,3,slope,slope
390,3,robinson,robinson
391,3,geoengin,geoengineering
392,3,21st,21st
393,3,vatican,vatican
394,3,landmark,landmark
395,3,sink,sinks
396,3,chris,chris
397,3,minim,minimizing
398,3,thrive,thriving
399,3,insist,insisting
400,3,digest,digest
401,3,implement,implement
402,3,"4,3","4,3"
403,3,tokyo,tokyo
404,3,drill,drilling
405,3,reject,reject
406,3,orthodoxi,orthodoxy
407,3,mine,mining
408,3,stop,stopping
409,3,penguin,penguins
410,3,layer,layer
411,3,kevin,kevin
412,3,rick,rick
413,3,muller,muller
414,3,transient,transient
415,3,drastic,drastic
416,3,cu,cu
417,3,naomi,naomi
418,3,miami,miami
419,3,wast,wasting
420,3,mandat,mandated
421,3,fals,false
422,3,cabinet,cabinet
423,3,monckton,monckton
424,3,sks,sks
425,3,capita,capita
426,3,cement,cement
427,3,children,children
428,3,2c,2c
429,3,climateg,climategate
430,3,pact,pact
431,3,glacier,glacier
432,3,meteorolog,meteorological
433,3,anomali,anomalies
434,3,acid,acid
435,3,danger,dangers
436,3,hockey,hockey
437,3,founder,founder
438,3,ra,ra
439,3,hack,hacking
440,3,2.5,2.5
441,3,exacerb,exacerbate
442,3,disast,disasters
443,3,persuad,persuade
444,3,abstract,abstracts
445,3,analyz,analyzed
446,3,comput,computer
447,3,indian,indian
448,3,bear,bears
449,3,amoc,amoc
450,3,halt,halting
451,3,calcul,calculations
452,3,expos,exposing
453,3,intellig,intelligence
454,3,judg,judged
455,3,perri,perry
456,3,shift,shifting
457,3,krosnick,krosnick
458,3,blast,blasted
459,3,emit,emitted
460,3,ultim,ultimately
461,3,exceed,exceed
462,3,ban,ban
463,3,0.5,0.5
464,3,deputi,deputy
465,3,biodivers,biodiversity
466,3,bleach,bleaching
467,3,manson,manson
468,3,miner,mineral
469,3,canada,canada
470,3,chapter,chapter
471,3,topic,topic
472,3,prove,proves
473,3,coleman,coleman
474,3,combat,combating
475,3,fraud,fraud
476,3,captur,capture
477,3,understand,understands
478,3,non-co,non-co
479,3,evolut,evolution
480,3,measur,measurements
481,3,differ,differs
482,3,regul,regulation
483,3,scholar,scholar
484,3,richard,richard
485,3,britain,britain
486,3,whale,whales
487,3,chicago,chicago
488,3,savag,savage
489,3,systemat,systematically
490,3,pole,pole
491,2,phenolog,phenology
492,2,ceo,ceo
493,2,damag,damaging
494,2,margin,marginalize
495,2,intercomparison,intercomparison
496,2,causat,causation
497,2,bloom,blooms
498,2,serious,seriousness
499,2,rio,rio
500,2,asthma,asthma
501,2,dicaprio,dicaprio
502,2,cr,cr
503,2,fluctuat,fluctuations
504,2,boxer,boxer
505,2,apocalypt,apocalyptic
506,2,unanim,unanimous
507,2,featur,featured
508,2,verifi,verified
509,2,melt,melted
510,2,push,pushes
511,2,reveal,revealing
512,2,baliuna,baliunas
513,2,liken,likened
514,2,documentari,documentary
515,2,diesel,diesel
516,2,today,today's
517,2,spm,spm
518,2,monsoon,monsoon
519,2,absorb,absorber
520,2,seal,seals
521,2,technolog,technologies
522,2,heatwav,heatwaves
523,2,upload,uploaded
524,2,alabama,alabama
525,2,rss,rss
526,2,illustr,illustrated
527,2,ppm,ppm
528,2,denounc,denounced
529,2,northwest,northwest
530,2,catanzaro,catanzaro's
531,2,precipit,precipitation
532,2,cost,costly
533,2,lewi,lewis
534,2,contradict,contradict
535,2,particip,participants
536,2,energi,energies
537,2,embrac,embracing
538,2,inconsist,inconsistent
539,2,immin,imminent
540,2,0.07,0.07
541,2,villar,villar
542,2,undermin,undermine
543,2,notori,notorious
544,2,stewardship,stewardship
545,2,nail,nailed
546,2,technic,technicalities
547,2,billion,billions
548,2,celebr,celebrated
549,2,jone,jones
550,2,royal,royal
551,2,glaciat,glaciation
552,2,evapor,evaporation
553,2,osama,osama
554,2,swing,swinging
555,2,compel,compelling
556,2,northeast,northeast
557,2,deliv,delivering
558,2,myer,myers
559,2,fundament,fundamental
560,2,enhanc,enhance
561,2,discoveri,discovery
562,2,astrophys,astrophysics
563,2,speaker,speakers
564,2,trumpet,trumpeting
565,2,greenland,greenland's
566,2,japan,japan
567,2,beach,beaches
568,2,think-tank,think-tank
569,2,iowa,iowa
570,2,uk,uk
571,2,lindzen,lindzen
572,2,mediterranean,mediterranean
573,2,headlin,headlined
574,2,michigan,michigan
575,2,high-profil,high-profile
576,2,memo,memo
577,2,coldest,coldest
578,2,cruz,cruz
579,2,grappl,grapple
580,2,toxic,toxic
581,2,fall,falls
582,2,deliber,deliberation
583,2,leaf,leaf
584,2,estim,estimation
585,2,geologist,geologist
586,2,summar,summarizes
587,2,publish,publish
588,2,coalit,coalition
589,2,knock,knock
590,2,ross,ross
591,2,pierc,piercing
592,2,freedom,freedom
593,2,low-carbon,low-carbon
594,2,invest,invested
595,2,latino,latinos
596,2,confront,confronts
597,2,d;,D;
598,2,5.4,5.4
599,2,wallac,wallace
600,2,orang,orange
601,2,reallybigsometh,reallybigsomething
602,2,b-biolog,b-biological
603,2,transact,transactions
604,2,justif,justification
605,2,examin,examiner
606,2,use,usefulness
607,2,negat,negated
608,2,madmen,madmen
609,2,jerri,jerry
610,2,label,labeled
611,2,unpreced,unprecedented
612,2,sign,signing
613,2,cdr,cdr
614,2,moor,moore
615,2,man-caus,man-caused
616,2,exhaust,exhaust
617,2,weapon,weapon
618,2,lord,lord
619,2,death,deaths
620,2,richardson,richardson
621,2,famin,famines
622,2,uncertainti,uncertainty
623,2,gcms,gcms
624,2,kuhner,kuhner
625,2,coordin,coordinated
626,2,morocco,morocco
627,2,landrith,landrith
628,2,convinc,convince
629,2,intensifi,intensified
630,2,suppos,supposedly
631,2,mechan,mechanisms
632,2,metric,metric
633,2,eu,eu's
634,2,dunlap,dunlap
635,2,daniel,daniel
636,2,grinning-skul,grinning-skull
637,2,"100,000","100,000"
638,2,tropospher,tropospheric
639,2,sander,sanders
640,2,will,willfully
641,2,thomson,thomson
642,2,acidif,acidification
643,2,kellstedt,kellstedt
644,2,abrupt,abrupt
645,2,retreat,retreated
646,2,liepert,liepert
647,2,frame,framing
648,2,guarante,guarantees
649,2,usher,usher
650,2,mason,mason
651,2,disprov,disproved
652,2,advanc,advances
653,2,caucus,caucuses
654,2,premis,premise
655,2,colleagu,colleague
656,2,likelihood,likelihood
657,2,sector,sector
658,2,remedi,remedy
659,2,western,western
660,2,allen,allen
661,2,god,god
662,2,collin,collins
663,2,herald,heralded
664,2,report,reportedly
665,2,fake,faked
666,2,editori,editorials
667,2,ironi,irony
668,2,explain,explaining
669,2,c13,c13
670,2,stratospher,stratospheric
671,2,steve,steve
672,2,cru,cru
673,2,quantiti,quantities
674,2,abandon,abandoning
675,2,code,coded
676,2,hoegh-guldberg,hoegh-guldberg
677,2,origin,origins
678,2,oregon,oregon
679,2,hottest,hottest
680,2,eq,eq
681,2,epidem,epidemic
682,2,3.8,3.8
683,2,short-term,short-term
684,2,brian,brian
685,2,attorney,attorneys
686,2,peninsula,peninsula's
687,2,slower,slower
688,2,sunspot,sunspot
689,2,nordhaus,nordhaus
690,2,myron,myron
691,2,impos,impose
692,2,97.1,97.1
693,2,ruin,ruin
694,2,finland,finland
695,2,rais,raises
696,2,gton,gton
697,2,perpetr,perpetrated
698,2,aircraft,aircraft
699,2,mar,mars
700,2,address,addressing
701,2,demis,demise
702,2,afflict,afflicted
703,2,rain,rains
704,2,prematur,premature
705,2,benefici,beneficial
706,2,southwest,southwest
707,2,irrat,irrational
708,2,generat,generational
709,2,student,students
710,2,victim,victims
711,2,lawrenc,lawrence
712,2,human-induc,human-induced
713,2,peak,peak
714,2,spark,sparked
715,2,maldivian,maldivian
716,2,km,km
717,2,youtube.com,youtube.com
718,2,trenberth,trenberth
719,2,niño,niño
720,2,drier,drier
721,2,infam,infamous
722,2,vice-presid,vice-president
723,2,dire,dire
724,2,bell,bells
725,2,immor,immoral
726,2,score,scores
727,2,"1,000","1,000"
728,2,gass,gasses
729,2,tobacco,tobacco
730,2,soden,soden
731,2,promin,prominence
732,2,vapor,vapor
733,2,equilibrium,equilibrium
734,2,decid,deciding
735,2,materi,materialize
736,2,trillion,trillion
737,2,trigger,triggered
738,2,polit,politically
739,2,nitrous,nitrous
740,2,hype,hyped
741,2,momentum,momentum
742,2,tucker,tucker
743,2,defend,defended
744,2,mountain,mountains
745,2,affect,affecting
746,2,bulletin,bulletin
747,2,reposit,reposition
748,2,announc,announcing
749,2,right,rightly
750,2,support,supporters
751,2,southern,southern
752,2,encycl,encyclical
753,2,decis,decisively
754,2,enact,enacted
755,2,physicist,physicist
756,2,climatologist,climatologist
757,2,signific,significantly
758,2,univ,univ
759,2,cumul,cumulative
760,2,releas,releases
761,2,australian,australian
762,2,a1fi,a1fi
763,2,british,british
764,2,crf,crf
765,2,1980s,1980s
766,2,expedit,expedition
767,2,dataset,dataset
768,2,irradi,irradiance
769,2,cancel,cancel
770,2,restrict,restricting
771,2,bet,betting
772,2,unproven,unproven
773,2,proceed,proceedings
774,2,2.0,2.0
775,2,european,european
776,2,taxpay,taxpayer
777,2,relentless,relentlessly
778,2,wang,wang
779,2,favor,favors
780,2,fahrenheit,fahrenheit
781,2,tweet,tweeted
782,2,bin,bin
783,2,cleanest,cleanest
784,2,amend,amended
785,2,drya,dryas
786,2,culprit,culprit
787,2,explor,explore
788,2,dead,deadly
789,2,whatsoev,whatsoever
790,2,evalu,evaluate
791,2,mulvaney,mulvaney
792,2,posit,positives
793,2,lawmak,lawmakers
794,2,moistur,moisture
795,2,agre,agrees
796,2,assert,assertion
797,2,plausibl,plausible
798,2,mashabl,mashable
799,2,unpredict,unpredictable
800,2,persist,persist
801,2,observ,observer
802,2,laden,laden
803,2,coast,coasts
804,2,amount,amounted
805,2,funnel,funnelled
806,2,cox,cox
807,2,thaw,thawing
808,2,reindeer,reindeer
809,2,fish,fishes
810,2,politico,politico
811,2,lulzsec,lulzsec
812,2,emitt,emitters
813,2,maibach,maibach
814,2,refriger,refrigeration
815,2,cap-and-trad,cap-and-trade
816,2,min,min
817,2,co-author,co-author
818,2,legitim,legitimate
819,2,ebel,ebell
820,2,revel,revelation
821,2,detrend,detrended
822,2,calvert,calvert
823,2,obscur,obscured
824,2,shelv,shelves
825,2,albedo,albedo
826,2,investor,investor's
827,2,endors,endorsed
828,2,extermin,extermination
829,2,1.2,1.2
830,2,robert,robert
831,2,hitler,hitler
832,2,hide,hiding
833,2,terrorist,terrorist
834,2,business-as-usu,business-as-usual
835,2,childhood,childhood
836,2,quantifi,quantifying
837,2,rj,rj
838,2,journalist,journalists
839,2,franc,france
840,2,spicer,spicer
841,2,asian,asian
842,2,analog,analogies
843,2,phase,phasing
844,2,england,england
845,2,team,teaming
846,2,mug,mug's
847,2,ja,ja
848,2,forecast,forecast
849,2,lupo,lupo
850,2,ºc,ºc
851,2,tenur,tenure
852,2,lopez,lopez
853,2,sound,sounding
854,2,broaden,broaden
855,2,phycolog,phycology
856,2,sea-level,sea-level
857,2,crimin,criminal
858,2,en,en
859,2,aggress,aggressively
860,2,1970s,1970s
861,2,shortag,shortages
862,2,smog,smog
863,2,add,adds
864,2,"3,3","3,3"
865,2,odd,odds
866,2,californian,californians
867,2,one-third,one-third
868,2,"4,4","4,4"
869,2,refus,refuse
870,2,0.7,0.7
871,2,caller,caller
872,2,colorado,colorado
873,2,sweep,sweeping
874,2,irrig,irrigated
875,2,cnbc,cnbc's
876,2,hurt,hurt
877,2,popul,populations
878,2,sierra,sierra
879,2,sequestr,sequestration
880,2,dot,dot
881,2,colleg,college
882,2,aquif,aquifers
883,2,gulf,gulf
884,2,retriev,retrieved
885,2,inconveni,inconvenient
886,2,phil,phil
887,2,denni,denny
888,2,faulti,faulty
889,2,excerpt,excerpt
890,2,hotter,hotter
891,2,potent,potent
892,2,host,hosting
893,2,hockenberri,hockenberry
894,2,gap,gap
895,2,utah,utah
896,2,carmichael,carmichael
897,2,tie,ties
898,2,coffin,coffin
899,2,sunlight,sunlight
900,2,sj,sj
901,2,metaphor,metaphors
902,2,check,checks
903,2,moder,moderator
904,2,agenc,agency's
905,2,advisor,advisor
906,2,mccright,mccright
907,2,earnest,earnest
908,2,controversi,controversial
909,2,migrat,migration
910,2,high-altitud,high-altitude
911,2,nihilist,nihilist
912,2,german,german
913,2,hfcs,hfcs
914,2,ssts,ssts
915,2,illus,illusions
916,2,queensland,queensland
917,2,valu,values
918,2,karl,karl
919,2,nj,nj
920,2,ben,ben
921,1,polem,polemic
922,1,restart,restarting
923,1,deplet,depletion
924,1,hydrofluorocarbon,hydrofluorocarbons
925,1,nic,nic
926,1,wonder,wonders
927,1,wb,wb
928,1,pick,picking
929,1,best-known,best-known
930,1,viabil,viability
931,1,inﬂuenc,inﬂuence
932,1,comprehens,comprehensive
933,1,declin,declining
934,1,p;,P;
935,1,snowi,snowy
936,1,multilater,multilateral
937,1,sanecki,sanecki
938,1,liquefi,liquefied
939,1,ballantyn,ballantyne
940,1,word,wording
941,1,exhal,exhaling
942,1,stainback,stainback
943,1,brook,brookings
944,1,mike,mike
945,1,clayton,clayton
946,1,mag,mag
947,1,"30,100","30,100"
948,1,envoy,envoy
949,1,yan,yan
950,1,peatland,peatlands
951,1,reduc,reduces
952,1,prentic,prentice
953,1,sens,sensing
954,1,ramp,ramp
955,1,groundbreak,groundbreaking
956,1,africa,africa
957,1,behav,behaving
958,1,ch4,ch4
959,1,aaron,aaron
960,1,ce,ce
961,1,developm,developmeant
962,1,arriv,arrives
963,1,nitrogen,nitrogen
964,1,50-100,50-100
965,1,consult,consultancy
966,1,cancer,cancer
967,1,sim,sims
968,1,1946-1950,1946-1950
969,1,filth,filth
970,1,tobacco-fund,tobacco-funded
971,1,hypothes,hypotheses
972,1,frog,frog
973,1,free-air,free-air
974,1,first-of-a-kind,first-of-a-kind
975,1,documented--and,documented--and
976,1,merino-viteri,merino-viteri
977,1,kimura,kimura
978,1,puffin,puffins
979,1,five-sixth,five-sixths
980,1,victori,victory
981,1,flaw,flawed
982,1,refuge,refugees
983,1,signer,signers
984,1,squawk,squawk
985,1,all-tim,all-time
986,1,ratifi,ratified
987,1,speak,speaks
988,1,resourc,resource
989,1,resort,resorts
990,1,fee,fee
991,1,www.exxonsecrets.org,www.exxonsecrets.org
992,1,syrian,syrian
993,1,cheney,cheney
994,1,trotter,trotter
995,1,rasmussen,rasmussen
996,1,twenty-first,twenty-first
997,1,keith,keith
998,1,nivers,niversities
999,1,bureaucraci,bureaucracy
1000,1,cleanup,cleanup
1001,1,withdrawn,withdrawn
1002,1,senay,senay
1003,1,torrenti,torrential
1004,1,bypass,bypass
1005,1,6.4,6.4
1006,1,isa,isa
1007,1,intellectu,intellectuals
1008,1,constrain,constraining
1009,1,dbm,dbm
1010,1,heron,herons
1011,1,astrophysicist,astrophysicist
1012,1,modifi,modified
1013,1,seon,seon
1014,1,pro-industri,pro-industry
1015,1,bust,busting
1016,1,predisposit,predispositions
1017,1,contradictori,contradictory
1018,1,infraspecif,infraspecific
1019,1,bubbl,bubbles
1020,1,karmalkar,karmalkar
1021,1,brokaw,brokaw
1022,1,coastlin,coastlines
1023,1,abund,abundance
1024,1,ou,ou
1025,1,infeas,infeasible
1026,1,disclosur,disclosure
1027,1,chill,chilling
1028,1,caricatur,caricature
1029,1,join,joining
1030,1,ier,ier
1031,1,vanish,vanish
1032,1,downright,downright
1033,1,politic,politicization
1034,1,collar,collared
1035,1,1.7,1.7
1036,1,improb,improbable
1037,1,christian,christian
1038,1,nonprofit,nonprofits
1039,1,fire,fires
1040,1,populist,populist
1041,1,preced,precedent
1042,1,wickett,wickett
1043,1,doom,doom
1044,1,podcast,podcast
1045,1,climate-rel,climate-related
1046,1,tap,tap
1047,1,propon,proponents
1048,1,inquiri,inquiries
1049,1,dani,danie
1050,1,invent,invented
1051,1,plung,plunge
1052,1,energy-bas,energy-based
1053,1,ken,ken
1054,1,maslowski,maslowski
1055,1,jew,jews
1056,1,violent,violently
1057,1,carr,carr
1058,1,shelf,shelf
1059,1,villain,villain's
1060,1,lull,lulled
1061,1,anim,animal's
1062,1,livermor,livermore
1063,1,dove,dove
1064,1,emphas,emphasizing
1065,1,resili,resilience
1066,1,impass,impassioned
1067,1,face-to-fac,face-to-face
1068,1,aussi,aussie
1069,1,mpl,mpl
1070,1,crichton,crichton's
1071,1,hail,hailed
1072,1,killer,killers
1073,1,0.55,0.55
1074,1,shatter,shatters
1075,1,profligaci,profligacy
1076,1,tea,tea
1077,1,wired.com,wired.com
1078,1,slant,slanted
1079,1,greener,greener
1080,1,nino,nino
1081,1,lomborg,lomborg
1082,1,president-elect,president-elect
1083,1,crash,crashes
1084,1,scrutin,scrutinizing
1085,1,2.2,2.2
1086,1,fineri,finery
1087,1,govern,government's
1088,1,align,aligned
1089,1,needl,needle
1090,1,rival,rival
1091,1,outgo,outgoing
1092,1,maruyama,maruyama
1093,1,writer,writer
1094,1,lung,lung
1095,1,rohd,rohde's
1096,1,crime,crime
1097,1,near-term,near-term
1098,1,cathol,catholic
1099,1,synchron,synchronized
1100,1,le,le
1101,1,litmus,litmus
1102,1,year,year's
1103,1,greedi,greedy
1104,1,expect,expectation
1105,1,paradigm,paradigm
1106,1,junk,junk
1107,1,eastern,eastern
1108,1,para,paras
1109,1,messag,messages
1110,1,ice-sheet,ice-sheet
1111,1,enso,enso
1112,1,strojarstvo,strojarstvo
1113,1,academ,academics
1114,1,spike,spikes
1115,1,know,knowingly
1116,1,countri,country's
1117,1,nomin,nominated
1118,1,counteract,counteract
1119,1,swamp,swamping
1120,1,297-315,297-315
1121,1,mu2013b,mu2013b
1122,1,rachel,rachel
1123,1,grant-trough,grant-troughing
1124,1,mazeroll,mazerolle
1125,1,pomer,pomerance
1126,1,lol,lols
1127,1,adequ,adequately
1128,1,affidavit,affidavit
1129,1,cutback,cutbacks
1130,1,disproportion,disproportionately
1131,1,worst-cas,worst-case
1132,1,prop,prop
1133,1,boo,boos
1134,1,breitbart,breitbart
1135,1,tulsa,tulsa
1136,1,equiv,equiv
1137,1,kapnick,kapnick
1138,1,labohm,labohm
1139,1,dilig,diligent
1140,1,cfcs,cfcs
1141,1,austral,austral
1142,1,leme,lemee
1143,1,cowtan,cowtan
1144,1,goldberg,goldberg
1145,1,perus,peruse
1146,1,drive,drives
1147,1,happer,happer
1148,1,symptom,symptoms
1149,1,poststructur,poststructural
1150,1,punditri,punditry
1151,1,green,greens
1152,1,verg,verge
1153,1,geobotanica,geobotanica
1154,1,foe,foe
1155,1,bustamant,bustamante
1156,1,newsprint,newsprint
1157,1,rm,rm
1158,1,kenai,kenai
1159,1,"1,702","1,702"
1160,1,namib,namib
1161,1,buyer,buyers
1162,1,restrain,restrain
1163,1,interfaith,interfaith
1164,1,interview,interviewed
1165,1,musk,musk
1166,1,disappear,disappearing
1167,1,shrink,shrinking
1168,1,weber,weber
1169,1,quarter,quarterly
1170,1,3a,3a
1171,1,contigu,contiguous
1172,1,fan,fan
1173,1,clone,cloning
1174,1,ospina,ospina
1175,1,near-surfac,near-surface
1176,1,asset,asset
1177,1,invad,invading
1178,1,aa,aa
1179,1,graber,graber
1180,1,advisori,advisory
1181,1,derail,derail
1182,1,karoli,karoly
1183,1,die,dies
1184,1,resio,resio
1185,1,inward-turn,inward-turning
1186,1,unveil,unveil
1187,1,change-kyoto,change-kyoto
1188,1,trick,tricks
1189,1,communiti,community's
1190,1,soon,soon's
1191,1,buildup,buildup
1192,1,grozdek,grozdek
1193,1,ds,ds
1194,1,crise,crises
1195,1,ambiti,ambitious
1196,1,exit,exit
1197,1,restor,restoring
1198,1,crack-up,crack-up
1199,1,miseri,misery
1200,1,nomine,nominee
1201,1,bee,bee
1202,1,yoshimoto,yoshimoto
1203,1,raft,raft
1204,1,flee,fleeing
1205,1,hyster,hysteric
1206,1,lion,lion's
1207,1,reaffirm,reaffirmed
1208,1,niskanen,niskanen
1209,1,sourc,sourced
1210,1,crepeau,crepeau
1211,1,miller,miller
1212,1,predat,predator
1213,1,toomey,toomey
1214,1,rice,rice
1215,1,lukewarm,lukewarmers
1216,1,syndic,syndicated
1217,1,bargain,bargain
1218,1,longtim,longtime
1219,1,libya,libya
1220,1,gsi,gsi
1221,1,penn,penn
1222,1,statin,statin
1223,1,import,importantly
1224,1,irresolut,irresolute
1225,1,donorstrust,donorstrust
1226,1,hardaway,hardaway
1227,1,raffaelli,raffaelli
1228,1,spokeswoman,spokeswoman
1229,1,seth,seth
1230,1,export,export
1231,1,caribou,caribou
1232,1,r-ok,r-ok
1233,1,remind,reminds
1234,1,photosynthesi,photosynthesis
1235,1,fade,faded
1236,1,pend,pending
1237,1,pendulum,pendulum
1238,1,elliottii,elliottii
1239,1,iucn,iucn
1240,1,one-fifth,one-fifth
1241,1,meteorologist,meteorologist
1242,1,salazar,salazar
1243,1,cramer,cramer
1244,1,joe,joe
1245,1,todd,todd
1246,1,myhrvold,myhrvold
1247,1,idiot,idiot
1248,1,aj,aj
1249,1,onstag,onstage
1250,1,noisi,noisy
1251,1,kallbekken,kallbekken
1252,1,18.44,18.44
1253,1,leonardo,leonardo
1254,1,land,landed
1255,1,rocki,rocky
1256,1,dicey,dicey
1257,1,refut,refutes
1258,1,_hplink,_hplink
1259,1,channel,channel
1260,1,peril,peril
1261,1,phytoplankton,phytoplankton
1262,1,cooney,cooney
1263,1,lower-incom,lower-income
1264,1,gear,gears
1265,1,rlh,rlh
1266,1,grudg,grudgingly
1267,1,lond,lond
1268,1,overstep,overstepped
1269,1,geolog,geological
1270,1,hatch,hatched
1271,1,escal,escalating
1272,1,tirad,tirade
1273,1,gasparini,gasparini
1274,1,kish,kish
1275,1,assum,assuming
1276,1,ehim,ehime
1277,1,outpac,outpaced
1278,1,mccain,mccain's
1279,1,policymak,policymakers
1280,1,connecticut,connecticut
1281,1,dorn,dorn
1282,1,infrastructur,infrastructure
1283,1,1.3,1.3
1284,1,ebi,eby
1285,1,presumpt,presumptions
1286,1,dinophycea,dinophyceae
1287,1,interpret,interpret
1288,1,french,french
1289,1,un,un's
1290,1,dragon,dragon
1291,1,wwb,wwb
1292,1,smokestack,smokestack
1293,1,brother-in-law,brother-in-law
1294,1,han,hans
1295,1,melbourn,melbourne
1296,1,haan,haan
1297,1,venu,venue
1298,1,requir,requiring
1299,1,ralli,rally
1300,1,gmos,gmos
1301,1,prognost,prognostications
1302,1,mission-crept,mission-crept
1303,1,empow,empowered
1304,1,intermodel,intermodel
1305,1,southwestern,southwestern
1306,1,salmon,salmon
1307,1,scheuerel,scheuerell
1308,1,avenu,avenues
1309,1,eugen,eugenics
1310,1,blitz,blitz
1311,1,ø,ø
1312,1,thwait,thwaites
1313,1,concurr,concurrent
1314,1,warbler,warbler
1315,1,nigel,nigel
1316,1,undo,undo
1317,1,fudg,fudging
1318,1,execut,executives
1319,1,greenfield,greenfield
1320,1,thesi,thesis
1321,1,munnoch,munnoch
1322,1,geoscientist,geoscientist
1323,1,fallaci,fallacy
1324,1,loudest,loudest
1325,1,petro-st,petro-state
1326,1,spn,spn
1327,1,mora,mora
1328,1,undeni,undeniable
1329,1,insignific,insignificant
1330,1,avian,avian
1331,1,hempleman-adam,hempleman-adams
1332,1,kiguchi,kiguchi
1333,1,pinus,pinus
1334,1,persecut,persecution
1335,1,insideclim,insideclimate
1336,1,bizarr,bizarre
1337,1,ardent,ardent
1338,1,ka,ka
1339,1,sf,sf
1340,1,hagu,hague
1341,1,0.17,0.17
1342,1,teng,teng
1343,1,tsukuba,tsukuba
1344,1,congressman,congressman
1345,1,elev,elevation
1346,1,energy-effici,energy-efficient
1347,1,chatter,chatter
1348,1,dash,dash
1349,1,tae,tae
1350,1,1953-1962,1953-1962
1351,1,wetter,wetter
1352,1,layman,layman's
1353,1,gillett,gillett
1354,1,insid,insider
1355,1,annihil,annihilate
1356,1,follow-up,follow-up
1357,1,private-publ,private-public
1358,1,mark,marking
1359,1,guis,guise
1360,1,intent,intent
1361,1,bg,bg
1362,1,biomass,biomass
1363,1,detritus,detritus
1364,1,lend,lends
1365,1,phanerozo,phanerozoic
1366,1,wari,wary
1367,1,access,accessed
1368,1,calculus,calculus
1369,1,janeiro,janeiro
1370,1,welcom,welcomed
1371,1,dongjoon,dongjoon
1372,1,destabil,destabilize
1373,1,walker,walker
1374,1,folia,folia
1375,1,permit,permitting
1376,1,pennsylvania,pennsylvania
1377,1,blow,blowing
1378,1,haze,haze
1379,1,hedg,hedging
1380,1,powerlin,powerline
1381,1,undersign,undersigned
1382,1,beaufort,beaufort
1383,1,cycl,cycles
1384,1,sanchez-azofeifa,sanchez-azofeifa
1385,1,dohyeong,dohyeong
1386,1,hemiparasit,hemiparasitic
1387,1,hydropower-gener,hydropower-generating
1388,1,anecdot,anecdotal
1389,1,maté,maté
1390,1,willer,willer
1391,1,unspecif,unspecificed
1392,1,ctm,ctm
1393,1,harshest,harshest
1394,1,energy-rel,energy-related
1395,1,razorbil,razorbills
1396,1,ron,ron
1397,1,windstorm,windstorm
1398,1,rainf,rainfed
1399,1,hausfath,hausfather
1400,1,schmidt,schmidt
1401,1,climate-deni,climate-deniers
1402,1,bookbind,bookbinder
1403,1,precursor,precursors
1404,1,avid,avid
1405,1,hoaxster,hoaxsters
1406,1,reagan,reagan
1407,1,4.0,4.0
1408,1,fossil-fuel,fossil-fuel
1409,1,formal,formally
1410,1,junsu,junsu
1411,1,gerl,gerl
1412,1,appeal,appeals
1413,1,taskforc,taskforce
1414,1,solomon,solomon
1415,1,summer,summers
1416,1,rc,rc
1417,1,harri,harried
1418,1,___,___
1419,1,taylor,taylor
1420,1,thoriq,thoriq
1421,1,ventur,ventures
1422,1,0.03,0.03
1423,1,"3,2","3,2"
1424,1,jrr,jrr
1425,1,rhiniti,rhinitis
1426,1,fraudul,fraudulent
1427,1,smog-form,smog-forming
1428,1,blabi,blaby
1429,1,tim,tim
1430,1,paul,paul
1431,1,spectrum,spectrum
1432,1,bannon,bannon
1433,1,r-ca,r-ca
1434,1,accus,accusation
1435,1,optim,optimism
1436,1,undergo,undergo
1437,1,phoenix,phoenix
1438,1,disinform,disinformation
1439,1,bullshit,bullshit
1440,1,tv,tv
1441,1,foster,foster
1442,1,merril,merrill
1443,1,wigley,wigley
1444,1,factual,factual
1445,1,compound,compounds
1446,1,disbelief,disbelief
1447,1,gerd-rain,gerd-rainer
1448,1,2.8,2.8
1449,1,judgement,judgement
1450,1,verdelho,verdelhos
1451,1,decomposition-resist,decomposition-resistant
1452,1,paleo,paleo
1453,1,karpinski,karpinski
1454,1,governor,governors
1455,1,ethnic,ethnic
1456,1,winter,winters
1457,1,desalin,desalination
1458,1,"1,500-","1,500-"
1459,1,first-tim,first-time
1460,1,placehold,placeholder
1461,1,spell,spelled
1462,1,grass-graz,grass-grazer
1463,1,submit,submit
1464,1,mess,messing
1465,1,hemispher,hemisphere
1466,1,santer,santer
1467,1,shellenberg,shellenberger
1468,1,grasp,grasp
1469,1,adolf,adolf
1470,1,dutch,dutch
1471,1,vascular,vascular
1472,1,mileston,milestones
1473,1,daunt,daunting
1474,1,doomi,doomy
1475,1,human-releas,human-released
1476,1,eyewat,eyewateringly
1477,1,enviro-villain,enviro-villains
1478,1,battl,battled
1479,1,apollo,apollo
1480,1,matthew,matthews
1481,1,simultan,simultaneously
1482,1,suck,sucking
1483,1,iraq,iraq's
1484,1,contra,contra
1485,1,chu,chu
1486,1,maldiv,maldives
1487,1,leader,leader
1488,1,meteor,meteor
1489,1,kilimanjaro,kilimanjaro
1490,1,unstabl,unstable
1491,1,timo,timo
1492,1,webpag,webpage
1493,1,creationist,creationists
1494,1,bourget,bourget
1495,1,trivial,trivial
1496,1,recycl,recycling
1497,1,spain,spain
1498,1,indust,indust
1499,1,monoxid,monoxide
1500,1,cp,cp
1501,1,sean,sean
1502,1,ph1,ph1
1503,1,monoton,monotonic
1504,1,tax-and-dividend,tax-and-dividend
1505,1,eleph,elephant
1506,1,mafia,mafia
1507,1,film,filmed
1508,1,bonanza,bonanza
1509,1,pascal,pascale
1510,1,unsettl,unsettled
1511,1,4th,4th
1512,1,copenhagen,copenhagen
1513,1,forthcom,forthcoming
1514,1,fad,fad
1515,1,reserve-alaska,reserve-alaska
1516,1,gagnon,gagnon
1517,1,convers,conversely
1518,1,reef-build,reef-building
1519,1,computer-medi,computer-mediated
1520,1,hold,holdings
1521,1,norfolk,norfolk
1522,1,men,men's
1523,1,vacat,vacating
1524,1,excruci,excruciating
1525,1,feith,feith
1526,1,taxon,taxon
1527,1,mindset,mindset
1528,1,lifeblood,lifeblood
1529,1,leopard,leopard
1530,1,goldstein,goldstein
1531,1,booker,booker
1532,1,alien,aliens
1533,1,horribl,horrible
1534,1,hazi,hazy
1535,1,leiserowitz,leiserowitz
1536,1,ueda,ueda
1537,1,ian,ian
1538,1,demint,demint's
1539,1,authorit,authoritative
1540,1,hemp,hemp
1541,1,mild,mild
1542,1,implic,implication
1543,1,hobson,hobson
1544,1,immens,immense
1545,1,foi-breach,foi-breaching
1546,1,long-tim,long-time
1547,1,kiwi,kiwis
1548,1,meehl,meehl
1549,1,newsweek,newsweek
1550,1,partnership,partnerships
1551,1,untap,untapped
1552,1,"61,500","61,500"
1553,1,zhenmin,zhenmin
1554,1,wr,wr
1555,1,ascend,ascended
1556,1,wealth,wealth
1557,1,synthes,synthesizing
1558,1,nativ,native
1559,1,italian,italian
1560,1,"2007,20","2007,20"
1561,1,grossli,grossly
1562,1,by-product,by-product
1563,1,aspir,aspirational
1564,1,hee-yong,hee-yong
1565,1,outspoken,outspoken
1566,1,dub,dubbed
1567,1,jlf,jlf
1568,1,chair,chaired
1569,1,beck,beck
1570,1,favour,favouring
1571,1,concert,concerted
1572,1,angular,angular
1573,1,eo,eo
1574,1,eurobaromet,eurobarometer
1575,1,repeal,repeal
1576,1,ileana,ileana
1577,1,facebook,facebook
1578,1,dry-get-dri,dry-get-drier
1579,1,billionair,billionaire
1580,1,nettl,nettle
1581,1,7.2,7.2
1582,1,christoph,christopher
1583,1,apoplect,apoplectic
1584,1,heilmeier,heilmeier
1585,1,benjamin,benjamin
1586,1,unequivoc,unequivocal
1587,1,tribun,tribune
1588,1,cj,cj
1589,1,prestigi,prestigious
1590,1,seminar,seminar
1591,1,migrant,migrant
1592,1,paleoclimat,paleoclimatic
1593,1,webb,webb
1594,1,bob,bob
1595,1,whistl,whistle
1596,1,diseas,diseases
1597,1,wa,wa
1598,1,forestri,forestry
1599,1,portug,portugal
1600,1,flusberg,flusberg
1601,1,chronicl,chronicle
1602,1,degrad,degradation
1603,1,mebell@cei.org,mebell@cei.org
1604,1,gough,gough
1605,1,read,reads
1606,1,head-on,head-on
1607,1,mj,mj
1608,1,lane,lanes
1609,1,behaviour,behaviour
1610,1,madrid,madrid
1611,1,fong,fong
1612,1,whistleblow,whistleblower
1613,1,constitu,constituents
1614,1,britz,britz
1615,1,ramanathan,ramanathan
1616,1,spruik,spruiking
1617,1,long-debunk,long-debunked
1618,1,harvey,harvey
1619,1,choularton,choularton
1620,1,counter-campaign,counter-campaign
1621,1,final,finale
1622,1,murakami,murakami
1623,1,arora,arora
1624,1,visionari,visionary
1625,1,relat,relate
1626,1,dmitri,dmitry
1627,1,contriv,contrived
1628,1,lauri,laurie
1629,1,social,socially
1630,1,disloc,dislocation
1631,1,regim,regimes
1632,1,damselfish,damselfish
1633,1,one-of-a-kind,one-of-a-kind
1634,1,brundtland,brundtland
1635,1,equatori,equatorial
1636,1,cool,coolness
1637,1,pineappl,pineapple
1638,1,wmo,wmo
1639,1,conced,concedes
1640,1,hallatt,hallatt
1641,1,obes,obesity
1642,1,disastr,disastrous
1643,1,open-access,open-access
1644,1,4.5,4.5
1645,1,atol,atolls
1646,1,12:00,12:00
1647,1,kondo,kondo
1648,1,wj,wj
1649,1,narrat,narrating
1650,1,stair,stair
1651,1,ﬁnding,ﬁndings
1652,1,failur,failures
1653,1,crocodil,crocodiles
1654,1,geoscienc,geosciences
1655,1,magnitud,magnitudes
1656,1,choos,choosing
1657,1,discern,discern
1658,1,graph,graph
1659,1,coal-fir,coal-fired
1660,1,swallow,swallow
1661,1,bode,bode
1662,1,taxa,taxa
1663,1,mckitrick,mckitrick
1664,1,low-interest,low-interest
1665,1,a2,a2
1666,1,tradabl,tradable
1667,1,search,searched
1668,1,nextgen,nextgen
1669,1,drijfhout,drijfhout
1670,1,superfreakonom,superfreakonomics
1671,1,geyer,geyer
1672,1,present,presently
1673,1,hearten,heartening
1674,1,scarc,scarce
1675,1,stratopsher,stratopsheric
1676,1,clearinghous,clearinghouse
1677,1,soot,soot
1678,1,total,totaled
1679,1,steinitz,steinitz
1680,1,sar,sar
1681,1,mirecki,mirecki
1682,1,care,caring
1683,1,tern,terns
1684,1,2001-2010,2001-2010
1685,1,pamphlet,pamphlet
1686,1,concoct,concocted
1687,1,threat,threats
1688,1,pest,pests
1689,1,adjunct,adjunct
1690,1,clownfish,clownfish
1691,1,strata,strata
1692,1,garnier,garnier
1693,1,gp,gp
1694,1,brother,brothers
1695,1,predictor,predictor
1696,1,populat,populat
1697,1,nicol,nicole
1698,1,harvard-smithsonian,harvard-smithsonian
1699,1,uc,ucs
1700,1,misguid,misguided
1701,1,cleaner,cleaner
1702,1,sockey,sockeye
1703,1,www.people-press.org/2012/10/15/more-say-there-is-solid-evidence-of-global-warming/,www.people-press.org/2012/10/15/more-say-there-is-solid-evidence-of-global-warming/
1704,1,aficionado,aficionado
1705,1,methodolog,methodology
1706,1,kiktev,kiktev
1707,1,knot,knots
1708,1,two-minut,two-minute
1709,1,"800,000","800,000"
1710,1,gorgona,gorgona
1711,1,jp,jp
1712,1,twitter,twitter
1713,1,ollivi,ollivier
1714,1,gakkel,gakkel
1715,1,royalti,royalty
1716,1,co-found,co-founder
1717,1,conspir,conspirator
1718,1,farley,farley
1719,1,posmenti,posmentier
1720,1,neotrop,neotropical
1721,1,1964-1967,1964-1967
1722,1,explod,explodes
1723,1,forb,forbes
1724,1,switch,switching
1725,1,aver,averred
1726,1,inc,inc's
1727,1,amstrup,amstrup's
1728,1,gwps,gwps
1729,1,dug,dug
1730,1,inform,informal
1731,1,0.9,0.9
1732,1,prodigi,prodigious
1733,1,scarciti,scarcity
1734,1,schlesing,schlesinger
1735,1,h.res,h.res
1736,1,canon,canon
1737,1,quantif,quantification
1738,1,buddi,buddy
1739,1,ramankutti,ramankutty
1740,1,vex,vexed
1741,1,steyer,steyer
1742,1,shill,shilling
1743,1,calv,calving
1744,1,bbva,bbva
1745,1,reserv,reservations
1746,1,stabilis,stabilisation
1747,1,deploy,deployed
1748,1,cherry-pick,cherry-picked
1749,1,wit,witnessing
1750,1,tamper-proof,tamper-proof
1751,1,indoex,indoex
1752,1,greenhouse-ga,greenhouse-gas
1753,1,inact,inaction
1754,1,coeffici,coefficients
1755,1,logan,logan
1756,1,autocorrel,autocorrelation
1757,1,construct,construct
1758,1,redistribut,redistribution
1759,1,homework,homework
1760,1,allerød,allerød
1761,1,gonna,gonna
1762,1,conflict,conflicts
1763,1,masashi,masashi
1764,1,virginia,virginia
1765,1,reverber,reverberates
1766,1,hamilton,hamilton
1767,1,cal,cal
1768,1,doi,doi
1769,1,alavalapati,alavalapati
1770,1,malici,malicious
1771,1,steven,steven
1772,1,nakamura,nakamura
1773,1,jail,jailing
1774,1,reardon,reardon
1775,1,jeopard,jeopardizes
1776,1,motor-vehicl,motor-vehicle
1777,1,su,sued
1778,1,coffee-grow,coffee-growing
1779,1,0.75,0.75
1780,1,museum,museum
1781,1,3.6-,3.6-
1782,1,handbook,handbook
1783,1,goodal,goodall
1784,1,azolla,azolla
1785,1,downplay,downplaying
1786,1,ºf,ºf
1787,1,priorit,prioritizing
1788,1,sb,sb
1789,1,jt,jt
1790,1,steer,steered
1791,1,falter,falter
1792,1,genner,genner
1793,1,revis,revised
1794,1,partner,partners
1795,1,evapotranspir,evapotranspiration
1796,1,factcheck,factcheck
1797,1,o'malley,o'malley
1798,1,mooney,mooney
1799,1,assemblag,assemblages
1800,1,toler,tolerance
1801,1,unscientif,unscientific
1802,1,vagu,vaguely
1803,1,tougher,tougher
1804,1,mortal,mortality
1805,1,isol,isolate
1806,1,uninhabit,uninhabitably
1807,1,oscil,oscillations
1808,1,beetl,beetle
1809,1,episod,episodes
1810,1,parasit,parasitic
1811,1,enrich,enrichment
1812,1,jim,jim
1813,1,unsur,unsure
1814,1,misl,misled
1815,1,bogus,bogus
1816,1,repositori,repository
1817,1,b2,b2
1818,1,dividend,dividend
1819,1,mislead,misleading
1820,1,irrelev,irrelevant
1821,1,tiahrt,tiahrt
1822,1,2006b,2006b
1823,1,foreign-born,foreign-born
1824,1,tl,tl
1825,1,guard,guard
1826,1,a-z,a-z
1827,1,δt,δt
1828,1,biello,biello
1829,1,centenni,centennial
1830,1,billboa,billboa
1831,1,feinberg,feinberg
1832,1,overview,overview
1833,1,long-wav,long-wave
1834,1,plea,plea
1835,1,glimps,glimpse
1836,1,10.1088,10.1088
1837,1,prudent,prudent
1838,1,oceanographi,oceanography
1839,1,merit,merited
1840,1,rapid,rapids
1841,1,scarborough,scarborough
1842,1,physiolog,physiology
1843,1,diplomat,diplomats
1844,1,reboot,reboot
1845,1,co-opt,co-opting
1846,1,digit,digital
1847,1,anti-global-warm,anti-global-warming
1848,1,leggat,leggat
1849,1,decentralis,decentralised
1850,1,1748-9326,1748-9326
1851,1,belittl,belittled
1852,1,nelson,nelson
1853,1,unlock,unlock
1854,1,surg,surge
1855,1,df,df
1856,1,fleec,fleecing
1857,1,organis,organise
1858,1,scheme,schemes
1859,1,science-rel,science-related
1860,1,techcentralstation.com,techcentralstation.com
1861,1,dump,dumping
1862,1,urgenc,urgency
1863,1,"40,000","40,000"
1864,1,lift,lifts
1865,1,uah,uah
1866,1,continuous-tim,continuous-time
1867,1,predic,predicated
1868,1,associ,associations
1869,1,germani,germany
1870,1,naysay,naysayer
1871,1,redoubt,redoubt
1872,1,gut,gut
1873,1,perfluorocarbon,perfluorocarbons
1874,1,hacker,hackers
1875,1,spall,spall
1876,1,annual,annually
1877,1,b1,b1
1878,1,far-reach,far-reaching
1879,1,wrought,wrought
1880,1,unsuccess,unsuccessfully
1881,1,proxi,proxy
1882,1,discount,discount
1883,1,platform,platforms
1884,1,2001/2002,2001/2002
1885,1,soini,soini
1886,1,dramat,dramatically
1887,1,already-chang,already-changed
1888,1,power-suppli,power-supply
1889,1,logic,logic
1890,1,carter,carter
1891,1,lamborn,lamborn
1892,1,verdin,verdin
1893,1,locat,locator
1894,1,emperor,emperor
1895,1,land-on,land-only
1896,1,spotti,spotty
1897,1,matlock,matlock
1898,1,anti-sci,anti-science
1899,1,erupt,eruption
1900,1,termin,termination
1901,1,contend,contended
1902,1,naiv,naive
1903,1,affirm,affirmed
1904,1,columbia,columbia
1905,1,jason,jason
1906,1,mayor,mayor
1907,1,"5,4","5,4"
1908,1,tsunami,tsunamis
1909,1,montagna,montagna
1910,1,reproduct,reproduction
1911,1,franz,franz
1912,1,kyr,kyr
1913,1,lab,labs
1914,1,advis,adviser
1915,1,stevenson,stevenson
1916,1,decarbonis,decarbonise
1917,1,abc,abc
1918,1,2/024024,2/024024
1919,1,hayward,hayward
1920,1,deglaci,deglaciation
1921,1,99.99,99.99
1922,1,1990s,1990s
1923,1,1950-1953,1950-1953
1924,1,flock,flocks
1925,1,dendroica,dendroica
1926,1,arguement,arguement
1927,1,caldeira,caldeira
1928,1,sc,sc
1929,1,frontier,frontiers
1930,1,"321,684","321,684"
1931,1,lca,lca
1932,1,toll,toll
1933,1,plenari,plenary
1934,1,bump,bumping
1935,1,lamar,lamar
1936,1,icon,icon
1937,1,lectur,lecture
1938,1,"289,515","289,515"
1939,1,zx,zx
1940,1,major,majorities
1941,1,genet,genetically
1942,1,one-minut,one-minute
1943,1,scrap,scrapped
1944,1,newsgroup,newsgroups
1945,1,propuls,propulsion
1946,1,spin,spin
1947,1,hrastov,hrastovic
1948,1,hudson,hudson
1949,1,direst,direst
1950,1,altern,alternatives
1951,1,mongabay.com,mongabay.com
1952,1,genocid,genocidal
1953,1,ove,ove
1954,1,petroleum,petroleum
1955,1,tilo,tilo
1956,1,depend,dependence
1957,1,teb,teb
1958,1,left-lean,left-leaning
1959,1,2000s,2000s
1960,1,drum,drum
1961,1,2050s,2050s
1962,1,regulatori,regulatory
1963,1,dolbeth,dolbeth
1964,1,subsequ,subsequently
1965,1,ca,ca
1966,1,enshrin,enshrined
1967,1,rossow,rossow
1968,1,groundwork,groundwork
1969,1,ieee,ieee
1970,1,counsel,counsel
1971,1,carbon-dioxid,carbon-dioxide
1972,1,reconsid,reconsidered
1973,1,markowitz,markowitz
1974,1,cheddadi,cheddadi
1975,1,panel,panel's
1976,1,unnatur,unnatural
1977,1,commend,commendation
1978,1,incomplet,incomplete
1979,1,plebejus,plebejus
1980,1,folli,folly
1981,1,routin,routinely
1982,1,worrier,worriers
1983,1,plankton,plankton
1984,1,climatolog,climatologic
1985,1,gentrif,gentrification
1986,1,1967-1970,1967-1970
1987,1,domin,dominic
1988,1,trust,trusted
1989,1,thibodeau,thibodeau
1990,1,leverag,leverage
1991,1,latitud,latitudes
1992,1,larval,larval
1993,1,mountaintop,mountaintops
1994,1,grijalva,grijalva's
1995,1,renounc,renounce
1996,1,iea,iea
1997,1,ii,ii
1998,1,1960s,1960s
1999,1,underpin,underpinning
2000,1,zeke,zeke
2001,1,jam,jam
2002,1,specul,speculate
2003,1,increment,incrementally
2004,1,existenti,existential
2005,1,complaint,complaint
2006,1,geograph,geographical
2007,1,substanti,substantiated
2008,1,abrey,abrey
2009,1,resid,resident
2010,1,canadian,canadian
2011,1,thin,thinning
2012,1,schoof,schoof
2013,1,katrina,katrina
2014,1,hydrocarbon,hydrocarbons
2015,1,mid-cretac,mid-cretaceous
2016,1,juvenil,juvenile
2017,1,plantat,plantations
2018,1,ring,ringing
2019,1,kaczynski,kaczynski
2020,1,2.9,2.9
2021,1,millennial-scal,millennial-scale
2022,1,whitmarsh,whitmarsh
2023,1,barthelmi,barthelmie
2024,1,stifl,stifle
2025,1,motiv,motivated
2026,1,unnecessari,unnecessary
2027,1,5:55,5:55
2028,1,east-asian,east-asian
2029,1,palm,palm
2030,1,gmt,gmt
2031,1,view,viewing
2032,1,oblivi,oblivious
2033,1,scari,scary
2034,1,dastard,dastardly
2035,1,330-333,330-333
2036,1,liabil,liability
2037,1,tenabl,tenable
2038,1,philadelphia,philadelphia
2039,1,shortsight,shortsighted
2040,1,46.5,46.5
2041,1,adventur,adventurer
2042,1,flower,flowering
2043,1,roost,roost
2044,1,record-high,record-high
2045,1,firsthand,firsthand
2046,1,skate,skate
2047,1,post-meet,post-meeting
2048,1,pagan,paganism
2049,1,33-1,33-1
2050,1,seller,sellers
2051,1,freshwat,freshwater
2052,1,mode,modes
2053,1,drought-parch,drought-parched
2054,1,350.org,350.org
2055,1,oxygen,oxygenic
2056,1,cheaper,cheaper
2057,1,center,centered
2058,1,demon,demonization
2059,1,armi,army
2060,1,barren,barren
2061,1,murray,murray
2062,1,long-liv,long-lived
2063,1,segalstad,segalstad
2064,1,ar4,ar4
2065,1,sand,sands
2066,1,poor,poorly
2067,1,modul,modulation
2068,1,0.01,0.01
2069,1,mousseau,mousseau
2070,1,hamp,hampe
2071,1,argus,argus
2072,1,departur,departure
2073,1,astrid,astride
2074,1,cnsnews.com,cnsnews.com
2075,1,star,starred
2076,1,martian,martians
2077,1,wage,waged
2078,1,conspiratori,conspiratorial
2079,1,privileg,privileged
2080,1,9:14,9:14
2081,1,clever,cleverly
2082,1,bromley,bromley
2083,1,deg,deg
2084,1,consumpt,consumption
2085,1,5.2,5.2
2086,1,r-tex,r-tex
2087,1,mund,mund
2088,1,hand,handful
2089,1,schuldt,schuldt
2090,1,"20,000","20,000"
2091,1,glen,glen
2092,1,runaway,runaway
2093,1,"12,000","12,000"
2094,1,rocket,rocket
2095,1,transcend,transcend
2096,1,rahmstorf,rahmstorf
2097,1,nao,nao
2098,1,acc,acc
2099,1,rex,rex
2100,1,mechanist,mechanistic
2101,1,kobayashi,kobayashi
2102,1,gibbard,gibbard
2103,1,identifi,identifying
2104,1,1961-1962,1961-1962
2105,1,ineffect,ineffective
2106,1,william,william
2107,1,discredit,discredit
2108,1,francis--in,francis--in
2109,1,sci.geo.meteorolog,sci.geo.meteorology
2110,1,alan,alan
2111,1,tcsdaily.com,tcsdaily.com
2112,1,edf,edf
2113,1,booklet,booklets
2114,1,softwar,software
2115,1,forg,forge
2116,1,scratch,scratching
2117,1,bbc,bbc
2118,1,deduc,deduced
2119,1,stefan,stefan
2120,1,ridg,ridge
2121,1,"1,505","1,505"
2122,1,chemistri,chemistry
2123,1,cº,cº
2124,1,bloomberg,bloomberg
2125,1,webster,webster
2126,1,affili,affiliated
2127,1,random,randomized
2128,1,volcan,volcanism
2129,1,chart,charting
2130,1,unfold,unfolding
2131,1,canard,canard
2132,1,sue,sue
2133,1,antithet,antithetical
2134,1,kivalina,kivalina
2135,1,leger,leger
2136,1,broader,broader
2137,1,version,versions
2138,1,combin,combine
2139,1,pointless,pointless
2140,1,stem,stemmed
2141,1,pessim,pessimism
2142,1,blogospher,blogosphere
2143,1,katharin,katharine
2144,1,profil,profile
2145,1,thought,thoughtful
2146,1,note,noting
2147,1,mitchel,mitchell
2148,1,age,aging
2149,1,ghgs,ghgs
2150,1,paramet,parameter
2151,1,viewer,viewers
2152,1,cliff,cliff
2153,1,ow,ow
2154,1,quash,quash
2155,1,fear,fearing
2156,1,opednew,opednews
2157,1,botanica,botanicae
2158,1,condemn,condemn
2159,1,unfair,unfair
2160,1,achiev,achieving
2161,1,submerg,submerge
2162,1,club,club's
2163,1,master,masters
2164,1,peer-to-p,peer-to-peer
2165,1,"1,190","1,190"
2166,1,irksom,irksome
2167,1,penc,pence
2168,1,superior,superiority
2169,1,newsworthi,newsworthy
2170,1,samenow,samenow
2171,1,ea2006b,ea2006b
2172,1,krauthamm,krauthammer
2173,1,donor,donors
2174,1,dampen,dampen
2175,1,pressur,pressured
2176,1,underplay,underplaying
2177,1,johnson,johnson
2178,1,harrison,harrison
2179,1,bdnews24.com,bdnews24.com
2180,1,wonki,wonky
2181,1,end-permian,end-permian
2182,1,change-driven,change-driven
2183,1,distance-to-target,distance-to-target
2184,1,pump,pumping
2185,1,trot,trotted
2186,1,pearson,pearson
2187,1,democraci,democracies
2188,1,ed,ed
2189,1,psychologist,psychologists
2190,1,plos,plos
2191,1,oscar,oscars
2192,1,churn,churns
2193,1,dci,dci
2194,1,connect,connecting
2195,1,puschendorf,puschendorf
2196,1,glacial,glacial
2197,1,burial,burial
2198,1,dynam,dynamics
2199,1,float,floating
2200,1,phillip,phillips
2201,1,neoconserv,neoconservative
2202,1,caruba,caruba
2203,1,hawaii,hawaii
2204,1,suppress,suppress
2205,1,commun,commun
2206,1,miniscul,miniscule
2207,1,"150,000-","150,000-"
2208,1,accost,accosting
2209,1,maryland,maryland
2210,1,ambit,ambitions
2211,1,carolin,caroline
2212,1,zahran,zahran
2213,1,percept,perceptions
2214,1,framework,framework
2215,1,auspic,auspices
2216,1,ireland,ireland
2217,1,societ,societal
2218,1,labat,labat
2219,1,flourish,flourishing
2220,1,quit,quit
2221,1,duart,duarte
2222,1,bølling,bølling
2223,1,aklng,aklng
2224,1,ronald,ronald
2225,1,maker,maker
2226,1,"510,000","510,000"
2227,1,mute,mute
2228,1,jd,jd
2229,1,petition,petitioners
2230,1,prudenc,prudence
2231,1,compat,compatible
2232,1,belt,belt
2233,1,credenti,credentials
2234,1,cleantechnica,cleantechnica
2235,1,repair,repairing
2236,1,guess,guesses
2237,1,romanou,romanou
2238,1,data-fudg,data-fudging
2239,1,squid,squid
2240,1,willi,willie
2241,1,monserud,monserud
2242,1,corpor,corporate
2243,1,pontiff,pontiff
2244,1,civi,civi
2245,1,produc,producer
2246,1,product,productivity
2247,1,hadley,hadley
2248,1,3:20,3:20
2249,1,sir,sir
2250,1,hinderak,hinderaker
2251,1,reson,resonates
2252,1,relish,relish
2253,1,non-start,non-starter
2254,1,microscop,microscopic
2255,1,uncov,uncovered
2256,1,anew,anew
2257,1,incent,incentives
2258,1,x-file,x-files
2259,1,jay,jay
2260,1,timescal,timescales
2261,1,pastor,pastors
2262,1,weiss,weiss
2263,1,analyst,analyst
2264,1,biotech,biotech
2265,1,owe,owe
2266,1,marsh,marshes
2267,1,cyclist,cyclists
2268,1,richer,richer
2269,1,lgm,lgm
2270,1,megan,megan
2271,1,harass,harassment
2272,1,sussman,sussman
2273,1,whip,whips
2274,1,swell,swell
2275,1,haapala,haapala
2276,1,intact,intact
2277,1,bala,bala
2278,1,succeed,succeed
2279,1,cai,cai
2280,1,weather,weathering
2281,1,phoni,phony
2282,1,nonpartisan,nonpartisan
2283,1,thread,thread
2284,1,fraser,fraser
2285,1,linger,linger
2286,1,crutzen,crutzen
2287,1,dougla,douglas
2288,1,fetus,fetus
2289,1,laps,lapse
2290,1,klick,klick
2291,1,cope,coping
2292,1,dakota,dakota
2293,1,shaki,shaky
2294,1,rag-tag,rag-tag
2295,1,hardcov,hardcover
2296,1,paleocene-eocen,paleocene-eocene
2297,1,depict,depict
2298,1,dc,dc
2299,1,strauss,strauss
2300,1,ceratium,ceratium
2301,1,derwent,derwent
2302,1,pulp,pulp
2303,1,inskeep,inskeep
2304,1,ibrahim,ibrahim
2305,1,decad,decadal
2306,1,suscept,susceptible
2307,1,grandest,grandest
2308,1,mound,mounds
2309,1,cordato,cordato
2310,1,fastest,fastest
2311,1,prosper,prosperity
2312,1,spacewalk,spacewalks
2313,1,ucsd,ucsd
2314,1,remov,removes
2315,1,years-long,years-long
2316,1,larissa,larissa
2317,1,mirror-world,mirror-world
2318,1,3.4,3.4
2319,1,slash,slash
2320,1,mc,mc
2321,1,allerg,allergic
2322,1,repudi,repudiated
2323,1,approv,approving
2324,1,district,district
2325,1,ingenu,ingenuity
2326,1,scripp,scripps
2327,1,rumin,ruminants
2328,1,weigh,weighing
2329,1,baselin,baseline
2330,1,butterfli,butterfly
2331,1,collid,collide
2332,1,den,den
2333,1,ros-lehtinen,ros-lehtinen
2334,1,narrowli,narrowly
2335,1,marrakech,marrakech
2336,1,columbus,columbus
2337,1,growing-season,growing-season
2338,1,sensibl,sensibilities
2339,1,reber,reber
2340,1,gwp,gwp
2341,1,ordin,ordinal
2342,1,schindler,schindler
2343,1,eocen,eocene
2344,1,ruedi,ruedy
2345,1,blockbust,blockbuster
2346,1,persuas,persuasion
2347,1,fiddl,fiddled
2348,1,credul,credulity
2349,1,viscount,viscount
2350,1,bn,bn
2351,1,unilater,unilateral
2352,1,unbias,unbiased
2353,1,physics-bas,physics-based
2354,1,sociolog,sociological
2355,1,loath,loathes
2356,1,annular,annular
2357,1,summaris,summarise
2358,1,changer,changer
2359,1,rg,rg
2360,1,carbon-cycl,carbon-cycle
2361,1,conspiraci,conspiracies
2362,1,spencer,spencer
2363,1,salti,salty
2364,1,roser-renouf,roser-renouf
2365,1,invers,inversion
2366,1,nate,nate
2367,1,super,super
2368,1,wmd,wmd
2369,1,samson,samson
2370,1,hybrid,hybrid
2371,1,misinform,misinformed
2372,1,caldwel,caldwell
2373,1,subpoena,subpoenas
2374,1,lawyer,lawyerly
2375,1,seabird,seabirds
2376,1,bridenstin,bridenstine
2377,1,breakthrough,breakthrough
2378,1,1962-1964,1962-1964
2379,1,burlington,burlington
2380,1,chocol,chocolate
2381,1,re-publ,re-publication
2382,1,2.3,2.3
2383,1,overblown,overblown
2384,1,continent,continental
2385,1,havoc,havoc
2386,1,fuell,fuelling
2387,1,lake,lakely
2388,1,centerpiec,centerpiece
2389,1,third-largest,third-largest
2390,1,snow,snowing
2391,1,haiyan,haiyan
2392,1,apt,aptly
2393,1,gk,gk
2394,1,pryor,pryor
2395,1,manzi,manzi
2396,1,"12,000-","12,000-"
2397,1,data-bas,data-based
2398,1,zooplankton,zooplankton
2399,1,fulmar,fulmars
2400,1,segment,segments
2401,1,hackl,hackles
2402,1,magnifi,magnifies
2403,1,fogden,fogden
2404,1,consuegra,consuegra
2405,1,transcrit,transcritical
2406,1,thatcher,thatcher
2407,1,environmental-extrem,environmental-extremism
2408,1,paper-canada,paper-canada
2409,1,bordoni,bordoni
2410,1,emerg,emergent
2411,1,prohibit,prohibit
2412,1,no2,no2
2413,1,matteoli,matteoli
2414,1,lcc,lcc
2415,1,criteria,criteria
2416,1,patel,patel
2417,1,term,termed
2418,1,bauxit,bauxite
2419,1,vision,visions
2420,1,cherri,cherry
2421,1,dip,dip
2422,1,pardal,pardal
2423,1,pat,pat
2424,1,1.1,1.1
2425,1,habitat,habitat
2426,1,wreak,wreaking
2427,1,soldo,soldo
2428,1,laurenc,laurence
2429,1,"736,500","736,500"
2430,1,notabl,notably
2431,1,efficaci,efficacy
2432,1,mire,mired
2433,1,suv,suvs
2434,1,refineri,refinery
2435,1,oppenheim,oppenheimer
2436,1,graham,graham
2437,1,experienc,experiencing
2438,1,inclus,inclusion
2439,1,defect,defection
2440,1,high-impact,high-impact
2441,1,tighter,tighter
2442,1,orobanchacea,orobanchaceae
2443,1,recognis,recognises
2444,1,ablat,ablation
2445,1,7.1,7.1
2446,1,track,tracking
2447,1,flyway,flyway
2448,1,month,month's
2449,1,nonexist,nonexistent
2450,1,edit,edit
2451,1,sell,sells
2452,1,1970-1971,1970-1971
2453,1,ar,ar
2454,1,imbal,imbalance
2455,1,gillard,gillard
2456,1,accept,accepts
2457,1,red-hand,red-handed
2458,1,disabl,disabled
2459,1,oceanograph,oceanographer
2460,1,pay,pays
2461,1,pg,pg
2462,1,meyer,meyers
2463,1,deadlock,deadlock
2464,1,kw,kw
2465,1,endanger,endangerment
2466,1,spread,spreading
2467,1,dw,dw
2468,1,millennia,millennia
2469,1,schwartz,schwartz
2470,1,liaison,liaison
2471,1,tide,tides
2472,1,fujio,fujio
2473,1,flanneri,flannery
2474,1,rigor,rigorous
2475,1,faq,faq
2476,1,hydrogeolog,hydrogeological
2477,1,norwegian,norwegian
2478,1,simmon,simmons
2479,1,purchas,purchases
2480,1,amen,amenable
2481,1,super-pot,super-potent
2482,1,songbird,songbird
2483,1,up-regul,up-regulation
2484,1,previdi,previdi
2485,1,root-mean-squar,root-mean-square
2486,1,carl,carles
2487,1,immatur,immaturity
2488,1,two-third,two-thirds
2489,1,maggi,maggie
2490,1,delus,delusions
2491,1,fail,failing
2492,1,cardoso,cardoso
2493,1,ligurian,ligurian
2494,1,semant,semantic
2495,1,bio-bas,bio-based
2496,1,bringezu,bringezu
2497,1,crop,crops
2498,1,ambient,ambient
2499,1,leftist,leftist
2500,1,kl,kl
2501,1,depart,department's
2502,1,tunin-ley,tunin-ley
2503,1,split,split
2504,1,"66,000","66,000"
2505,1,tippett,tippett
2506,1,rancourt,rancourt
2507,1,gwe,gwe
2508,1,chancellor,chancellor
2509,1,mcintyr,mcintyre
2510,1,hae-jeong,hae-jeong
2511,1,worst-ev,worst-ever
2512,1,industry-sponsor,industry-sponsored
2513,1,overturn,overturning
2514,1,censor,censoring
2515,1,file,files
2516,1,1.8,1.8
2517,1,closest,closest
2518,1,author,authored
2519,1,carbon-bas,carbon-based
2520,1,dean,dean
2521,1,macrobenth,macrobenthic
2522,1,board,boarding
2523,1,saenko,saenko
2524,1,wirth,wirth
2525,1,socialist,socialist
2526,1,dichotom,dichotomous
2527,1,prolong,prolonged
2528,1,vecchi,vecchi
2529,1,hopkin,hopkins
2530,1,myth,myths
2531,1,afterward,afterward
2532,1,clapp,clapp
2533,1,tech,tech
2534,1,stellar,stellar
2535,1,puzzl,puzzle
2536,1,incred,incredibly
2537,1,yadong,yadong
2538,1,pine,pine
2539,1,underfund,underfunding
2540,1,alert,alerted
2541,1,labor,labor's
2542,1,aeroallergen,aeroallergens
2543,1,assimil,assimilation
2544,1,anoxia,anoxia
2545,1,monitor,monitor
2546,1,marc,marc
2547,1,exclud,exclude
2548,1,mzp,mzp
2549,1,inequit,inequitably
2550,1,delworth,delworth
2551,1,geman,geman
2552,1,paperback,paperback
2553,1,obama-clinton,obama-clinton
2554,1,watchdog,watchdog
2555,1,ipo,ipo
2556,1,reuter,reuters
2557,1,oue,oue
2558,1,renegoti,renegotiating
2559,1,timothi,timothy
2560,1,nich,niche
2561,1,tailpip,tailpipe
2562,1,strang,strangely
2563,1,recognit,recognition
2564,1,ethiopia,ethiopia
2565,1,symbiont,symbiont
2566,1,cabl,cable
2567,1,minimis,minimised
2568,1,visser,visser
2569,1,forti,forty
2570,1,totterdel,totterdell
2571,1,tonn,tonne
2572,1,single-mind,single-minded
2573,1,moment,momentous
2574,1,sm,sm
2575,1,giant,giants
2576,1,kimoto,kimoto
2577,1,finn,finns
2578,1,fundación,fundación
2579,1,re-evalu,re-evaluation
2580,1,er,er
2581,1,pod,pods
2582,1,"25,000","25,000"
2583,1,inter-decad,inter-decadal
2584,1,film-mak,film-maker
2585,1,cornwal,cornwall
2586,1,arrog,arrogantly
2587,1,wiser,wiser
2588,1,tourist,tourist
2589,1,talk-radio,talk-radio
2590,1,hawkin,hawkins
2591,1,hayho,hayhoe
2592,1,korea,korea
2593,1,colder,colder
2594,1,sex-rel,sex-related
2595,1,watcher,watchers
2596,1,oakland,oaklanders
2597,1,liu,liu
2598,1,divest,divestment
2599,1,adject,adjective
2600,1,25m,25m
2601,1,county-by-counti,county-by-county
2602,1,irrevers,irreversible
2603,1,eric,eric
2604,1,suspens,suspension
2605,1,theodor,theodore
2606,1,gro,gro
2607,1,constraint,constraints
2608,1,perceiv,perceive
2609,1,lip,lip
2610,1,broadcast,broadcast
2611,1,stanc,stance
2612,1,ivanka,ivanka
2613,1,annoy,annoyed
2614,1,stein,stein
2615,1,magic,magically
2616,1,angela,angela
2617,1,panicl,panicle
2618,1,standpoint,standpoint
2619,1,geographi,geography
2620,1,romm,romm
2621,1,firm,firm's
2622,1,manoa,manoa
2623,1,disagr,disagreement
2624,1,marrakesh,marrakesh
2625,1,stitut,stitute
2626,1,anatomi,anatomy
2627,1,daimlerchrysl,daimlerchrysler
2628,1,osi,osi's
2629,1,anti-western,anti-western
2630,1,liber,liberals
2631,1,braswel,braswell
2632,1,flatten,flattening
2633,1,viewpoint,viewpoints
2634,1,dargavill,dargaville
2635,1,af,af
2636,1,jocelyn,jocelyn
2637,1,intercycl,intercycle
2638,1,activ,activism
2639,1,crusad,crusade
2640,1,mite,mite
2641,1,julia,julia
2642,1,shame,shameful
2643,1,argument,arguments
2644,1,simon,simon
2645,1,instal,installment
2646,1,guber,guber
2647,1,2-3,2-3
2648,1,hyungjun,hyungjun
2649,1,updat,updated
2650,1,kingdom,kingdom's
2651,1,feed,feeding
2652,1,alo,aloe
2653,1,advocaci,advocacy
2654,1,chazela,chazelas
2655,1,caution,caution
2656,1,meissner,meissner
2657,1,peter,peters
2658,1,izaurrald,izaurralde
2659,1,harlow,harlow
2660,1,vedlitx,vedlitx
2661,1,trophic,trophic
2662,1,a1b,a1b
2663,1,interchang,interchangeably
2664,1,co-sponsor,co-sponsored
2665,1,echo,echoed
2666,1,kick,kick
2667,1,lock,locke
2668,1,pineda,pineda
2669,1,bett,betts
2670,1,0.06,0.06
2671,1,tía,tía
2672,1,preponder,preponderance
2673,1,architectur,architecture
2674,1,three-judg,three-judge
2675,1,russel,russell
2676,1,forese,foreseeable
2677,1,competit,competitiveness
2678,1,roker,roker
2679,1,pc,pc
2680,1,elon,elon
2681,1,trash,trash
2682,1,seoul,seoul
2683,1,md,md
2684,1,ert,ert
2685,1,adjust,adjust
2686,1,boil,boiling
2687,1,collect,collects
2688,1,valv,valve
2689,1,moscow,moscow
2690,1,large-scal,large-scale
2691,1,keyston,keystone
2692,1,dali,daly's
2693,1,1800s,1800s
2694,1,mcculloch,mcculloch
2695,1,wichita,wichita
2696,1,coloma,coloma
2697,1,erod,eroding
2698,1,dread,dreaded
2699,1,uninform,uninformed
2700,1,1911-2000,1911-2000
2701,1,subalpin,subalpine
2702,1,incid,incidences
2703,1,deton,detonating
2704,1,gell,gelled
2705,1,amphibian,amphibian
2706,1,aaa,aaas
2707,1,blakemor,blakemore
2708,1,kos,kos
2709,1,paleoclimatologist,paleoclimatologist
2710,1,22:49,22:49
2711,1,holbrook,holbrook
2712,1,ssp,ssp
2713,1,clader,clader
2714,1,evangel,evangelical
2715,1,harlem,harlem
2716,1,loslr,loslr
2717,1,myriad,myriad
2718,1,melloul,melloul
2719,1,retrospect,retrospect
2720,1,synergi,synergy
2721,1,a1t,a1t
2722,1,wellb,wellbeing
2723,1,cheat,cheating
2724,1,cast,casts
2725,1,veget,vegetation
2726,1,masahid,masahide
2727,1,nonsens,nonsense
2728,1,flycatch,flycatchers
2729,1,underwat,underwater
2730,1,hobbl,hobbled
2731,1,phylogeographi,phylogeography
2732,1,easterbrook,easterbrook
2733,1,archipelago,archipelago
2734,1,yeh,yeh
2735,1,sandel,sandell
2736,1,basnight,basnight's
2737,1,sidestep,sidestepped
2738,1,classroom,classroom
2739,1,hawk,hawk
2740,1,campbel,campbell
2741,1,season,seasons
2742,1,dan,dan
2743,1,weak,weaknesses
2744,1,snowbal,snowball
2745,1,begg,beggs
2746,1,mythic,mythical
2747,1,region,region's
2748,1,sea-floor,sea-floor
2749,1,plait,plait
2750,1,arblast,arblaster
2751,1,budget,budgets
2752,1,heap,heap
2753,1,shariff,shariff
2754,1,safeguard,safeguards
2755,1,well,wells's
2756,1,compendium,compendium
2757,1,sb3,sb3
2758,1,applianc,appliances
2759,1,aquaria,aquaria
2760,1,"2,2","2,2"
2761,1,academia,academia
2762,1,meaning,meaningfully
2763,1,"31,487","31,487"
2764,1,proxim,proximal
2765,1,rosenberg,rosenberg
2766,1,cost-effect,cost-effective
2767,1,teeni,teenie
2768,1,stuart,stuart
2769,1,tennesse,tennessee
2770,1,alec,alec
2771,1,dufour,dufour
2772,1,6th,6th
2773,1,spokesperson,spokespersons
2774,1,speed,speeding
2775,1,19th,19th
2776,1,pregnant,pregnant
2777,1,estuarin,estuarine
2778,1,um,um
2779,1,addit,additions
2780,1,epigenet,epigenetic
2781,1,accustom,accustomed
2782,1,tribe,tribe
2783,1,pelag,pelagic
2784,1,tesla,tesla
2785,1,ph2,ph2
2786,1,rei,rei
2787,1,marca,marca
2788,1,footnot,footnote
2789,1,confus,confuse
2790,1,years--y,years--yes
2791,1,salienc,salience
2792,1,morgan,morgan
2793,1,byer,byers
2794,1,redwood,redwoods
2795,1,human-emit,human-emitted
2796,1,consortium,consortium
2797,1,spars,sparse
2798,1,bill,billed
2799,1,tran,trans
2800,1,tj,tj
2801,1,o'neil,o'neill
2802,1,adopt,adoption
2803,1,now-expir,now-expired
2804,1,accumul,accumulated
2805,1,kinder,kinder
2806,1,orchestr,orchestrated
2807,1,boyden,boyden
2808,1,northam,northam
2809,1,man,manly
2810,1,mcmanus,mcmanus
2811,1,funk,funk
2812,1,msnbc,msnbc
2813,1,pre,pre
2814,1,yellowle,yellowlees
2815,1,maintain,maintains
2816,1,hazard,hazardous
2817,1,tracker,tracker
2818,1,slew,slew
2819,1,douglass,douglass
2820,1,sequest,sequestered
2821,1,commander-in-chief,commander-in-chief
2822,1,mixed-lay,mixed-layer
2823,1,list,listing
2824,1,orograph,orographic
2825,1,southward,southward
2826,1,baldassar,baldassare
2827,1,petechia,petechia
2828,1,warming.ar,warming.are
2829,1,gasolin,gasoline
2830,1,pessimist,pessimistic
2831,1,"31,000","31,000"
2832,1,wet-get-wett,wet-get-wetter
2833,1,testifi,testify
2834,1,boulder,boulder
2835,1,plan,plan's
2836,1,gwpf,gwpf
2837,1,notion,notional
2838,1,4.4,4.4
2839,1,richmond,richmond
2840,1,hood,hood
2841,1,graduat,graduates
2842,1,scco,scco
2843,1,gs,gs
2844,1,world-renown,world-renowned
2845,1,reconstruct,reconstructions
2846,1,gadaffi,gadaffi's
2847,1,kain,kaine
2848,1,disturb,disturbance
2849,1,pika,pika
2850,1,ferreira,ferreira
2851,1,functionari,functionaries
2852,1,warmist,warmist
2853,1,keynot,keynote
2854,1,phyton-annal,phyton-annales
2855,1,horrifi,horrify
2856,1,ergi,ergy
2857,1,pn,pn
2858,1,forag,forage
2859,1,ing,inglis
2860,1,2.7,2.7
2861,1,leak,leaks
2862,1,prompt,prompts
2863,1,pointer,pointers
2864,1,purveyor,purveyor
2865,1,frenzi,frenzy
